location,region,date,location_iso,region_iso,total_vaccinations,people_vaccinated,people_fully_vaccinated
Brazil,Acre,2021-01-18,BR,BR-AC,0,0,0
Brazil,Acre,2021-01-19,BR,BR-AC,4,4,0
Brazil,Acre,2021-01-25,BR,BR-AC,3985,3985,0
Brazil,Acre,2021-01-29,BR,BR-AC,5249,5249,0
Brazil,Acre,2021-02-01,BR,BR-AC,5799,5799,0
Brazil,Acre,2021-02-03,BR,BR-AC,7229,7229,0
Brazil,Acre,2021-02-04,BR,BR-AC,7747,7747,0
Brazil,Acre,2021-02-05,BR,BR-AC,7900,7900,0
Brazil,Acre,2021-02-06,BR,BR-AC,9654,9654,0
Brazil,Acre,2021-02-07,BR,BR-AC,10020,10020,0
Brazil,Acre,2021-02-08,BR,BR-AC,10918,10918,0
Brazil,Acre,2021-02-09,BR,BR-AC,11519,11519,0
Brazil,Acre,2021-02-10,BR,BR-AC,11924,11924,0
Brazil,Acre,2021-02-11,BR,BR-AC,12080,12076,4
Brazil,Acre,2021-02-12,BR,BR-AC,12403,12310,93
Brazil,Acre,2021-02-13,BR,BR-AC,12401,12301,100
Brazil,Acre,2021-02-14,BR,BR-AC,12776,12619,157
Brazil,Acre,2021-02-15,BR,BR-AC,12955,12745,210
Brazil,Acre,2021-02-16,BR,BR-AC,13149,12934,215
Brazil,Acre,2021-02-17,BR,BR-AC,14664,14196,468
Brazil,Acre,2021-02-18,BR,BR-AC,15919,14952,967
Brazil,Acre,2021-02-19,BR,BR-AC,17390,15846,1544
Brazil,Acre,2021-02-20,BR,BR-AC,18288,16321,1967
Brazil,Acre,2021-02-21,BR,BR-AC,18580,16611,1969
Brazil,Acre,2021-02-22,BR,BR-AC,19029,16780,2249
Brazil,Acre,2021-02-23,BR,BR-AC,20364,17547,2817
Brazil,Acre,2021-02-24,BR,BR-AC,21037,17933,3104
Brazil,Acre,2021-02-25,BR,BR-AC,21667,18403,3264
Brazil,Acre,2021-02-26,BR,BR-AC,22653,19059,3594
Brazil,Alagoas,2021-01-18,BR,BR-AL,0,0,0
Brazil,Alagoas,2021-01-19,BR,BR-AL,7,7,0
Brazil,Alagoas,2021-01-20,BR,BR-AL,307,307,0
Brazil,Alagoas,2021-01-22,BR,BR-AL,7591,7591,0
Brazil,Alagoas,2021-01-23,BR,BR-AL,12121,12121,0
Brazil,Alagoas,2021-01-24,BR,BR-AL,16409,16409,0
Brazil,Alagoas,2021-01-26,BR,BR-AL,33450,33450,0
Brazil,Alagoas,2021-01-28,BR,BR-AL,37436,37436,0
Brazil,Alagoas,2021-01-29,BR,BR-AL,40636,40636,0
Brazil,Alagoas,2021-01-31,BR,BR-AL,44136,44136,0
Brazil,Alagoas,2021-02-02,BR,BR-AL,53136,53136,0
Brazil,Alagoas,2021-02-03,BR,BR-AL,55200,55200,0
Brazil,Alagoas,2021-02-04,BR,BR-AL,60123,60123,0
Brazil,Alagoas,2021-02-05,BR,BR-AL,62223,62223,0
Brazil,Alagoas,2021-02-06,BR,BR-AL,65620,65620,0
Brazil,Alagoas,2021-02-07,BR,BR-AL,67315,67315,0
Brazil,Alagoas,2021-02-08,BR,BR-AL,67515,67515,0
Brazil,Alagoas,2021-02-09,BR,BR-AL,68330,68330,0
Brazil,Alagoas,2021-02-10,BR,BR-AL,72461,72457,4
Brazil,Alagoas,2021-02-11,BR,BR-AL,76805,74890,1915
Brazil,Alagoas,2021-02-12,BR,BR-AL,79565,76743,2822
Brazil,Alagoas,2021-02-18,BR,BR-AL,90259,86687,3572
Brazil,Alagoas,2021-02-20,BR,BR-AL,92713,89141,3572
Brazil,Alagoas,2021-02-21,BR,BR-AL,93597,89141,4456
Brazil,Alagoas,2021-02-22,BR,BR-AL,94564,90108,4456
Brazil,Alagoas,2021-02-23,BR,BR-AL,95488,90108,5380
Brazil,Alagoas,2021-02-24,BR,BR-AL,96548,90519,6029
Brazil,Alagoas,2021-02-25,BR,BR-AL,97553,90701,6852
Brazil,Alagoas,2021-02-26,BR,BR-AL,100152,92749,7403
Brazil,Alagoas,2021-02-27,BR,BR-AL,101892,94489,7403
Brazil,Amapa,2021-01-18,BR,BR-AP,0,0,0
Brazil,Amapa,2021-01-19,BR,BR-AP,3,3,0
Brazil,Amapa,2021-01-21,BR,BR-AP,645,645,0
Brazil,Amapa,2021-01-24,BR,BR-AP,1677,1677,0
Brazil,Amapa,2021-01-26,BR,BR-AP,3466,3466,0
Brazil,Amapa,2021-01-28,BR,BR-AP,4817,4817,0
Brazil,Amapa,2021-02-01,BR,BR-AP,6517,6517,0
Brazil,Amapa,2021-02-04,BR,BR-AP,9287,9287,0
Brazil,Amapa,2021-02-08,BR,BR-AP,10864,10864,0
Brazil,Amapa,2021-02-11,BR,BR-AP,15968,15968,0
Brazil,Amapa,2021-02-12,BR,BR-AP,16083,16083,0
Brazil,Amapa,2021-02-13,BR,BR-AP,17143,16847,296
Brazil,Amapa,2021-02-16,BR,BR-AP,17219,16923,296
Brazil,Amapa,2021-02-17,BR,BR-AP,20432,19314,1118
Brazil,Amapa,2021-02-19,BR,BR-AP,23701,22385,1316
Brazil,Amapa,2021-02-20,BR,BR-AP,24749,23398,1351
Brazil,Amapa,2021-02-23,BR,BR-AP,25832,24150,1682
Brazil,Amapa,2021-02-24,BR,BR-AP,26034,24310,1724
Brazil,Amapa,2021-02-25,BR,BR-AP,27850,24921,2929
Brazil,Amazonas,2021-01-18,BR,BR-AM,2,2,0
Brazil,Amazonas,2021-01-20,BR,BR-AM,1142,1142,0
Brazil,Amazonas,2021-01-23,BR,BR-AM,5777,5777,0
Brazil,Amazonas,2021-01-24,BR,BR-AM,6153,6153,0
Brazil,Amazonas,2021-01-25,BR,BR-AM,6799,6799,0
Brazil,Amazonas,2021-01-26,BR,BR-AM,7445,7445,0
Brazil,Amazonas,2021-01-27,BR,BR-AM,8119,8119,0
Brazil,Amazonas,2021-01-28,BR,BR-AM,8495,8495,0
Brazil,Amazonas,2021-01-29,BR,BR-AM,31604,31604,0
Brazil,Amazonas,2021-01-30,BR,BR-AM,42606,42606,0
Brazil,Amazonas,2021-01-31,BR,BR-AM,44772,44772,0
Brazil,Amazonas,2021-02-01,BR,BR-AM,50216,50216,0
Brazil,Amazonas,2021-02-02,BR,BR-AM,63565,63565,0
Brazil,Amazonas,2021-02-03,BR,BR-AM,79844,79844,0
Brazil,Amazonas,2021-02-04,BR,BR-AM,85775,85775,0
Brazil,Amazonas,2021-02-05,BR,BR-AM,111282,111282,0
Brazil,Amazonas,2021-02-06,BR,BR-AM,115200,115200,0
Brazil,Amazonas,2021-02-07,BR,BR-AM,115470,115470,0
Brazil,Amazonas,2021-02-08,BR,BR-AM,127644,127644,0
Brazil,Amazonas,2021-02-09,BR,BR-AM,153581,153581,0
Brazil,Amazonas,2021-02-10,BR,BR-AM,172716,172716,0
Brazil,Amazonas,2021-02-11,BR,BR-AM,179150,174990,4160
Brazil,Amazonas,2021-02-12,BR,BR-AM,193589,188698,4891
Brazil,Amazonas,2021-02-13,BR,BR-AM,200350,194257,6093
Brazil,Amazonas,2021-02-14,BR,BR-AM,202771,196332,6439
Brazil,Amazonas,2021-02-15,BR,BR-AM,204574,197680,6894
Brazil,Amazonas,2021-02-16,BR,BR-AM,214534,202828,11706
Brazil,Amazonas,2021-02-17,BR,BR-AM,219330,205098,14232
Brazil,Amazonas,2021-02-18,BR,BR-AM,226516,209767,16749
Brazil,Amazonas,2021-02-19,BR,BR-AM,235806,214256,21550
Brazil,Amazonas,2021-02-20,BR,BR-AM,238472,215521,22951
Brazil,Amazonas,2021-02-21,BR,BR-AM,238850,217092,21758
Brazil,Amazonas,2021-02-22,BR,BR-AM,245798,218652,27146
Brazil,Amazonas,2021-02-23,BR,BR-AM,251787,222068,29719
Brazil,Amazonas,2021-02-24,BR,BR-AM,259439,225662,33777
Brazil,Amazonas,2021-02-25,BR,BR-AM,274170,233988,40182
Brazil,Amazonas,2021-02-26,BR,BR-AM,278345,236502,41843
Brazil,Amazonas,2021-02-27,BR,BR-AM,283760,238767,44993
Brazil,Bahia,2021-01-18,BR,BR-BA,0,0,0
Brazil,Bahia,2021-01-19,BR,BR-BA,1397,1397,0
Brazil,Bahia,2021-01-20,BR,BR-BA,19999,19999,0
Brazil,Bahia,2021-01-21,BR,BR-BA,36097,36097,0
Brazil,Bahia,2021-01-22,BR,BR-BA,56827,56827,0
Brazil,Bahia,2021-01-23,BR,BR-BA,78587,78587,0
Brazil,Bahia,2021-01-24,BR,BR-BA,76472,76472,0
Brazil,Bahia,2021-01-25,BR,BR-BA,84177,84177,0
Brazil,Bahia,2021-01-26,BR,BR-BA,101446,101446,0
Brazil,Bahia,2021-01-27,BR,BR-BA,117734,117734,0
Brazil,Bahia,2021-01-28,BR,BR-BA,140892,140892,0
Brazil,Bahia,2021-01-29,BR,BR-BA,154720,154720,0
Brazil,Bahia,2021-01-30,BR,BR-BA,184262,184262,0
Brazil,Bahia,2021-01-31,BR,BR-BA,193501,193501,0
Brazil,Bahia,2021-02-01,BR,BR-BA,207234,207234,0
Brazil,Bahia,2021-02-02,BR,BR-BA,217680,217680,0
Brazil,Bahia,2021-02-03,BR,BR-BA,231435,231435,0
Brazil,Bahia,2021-02-04,BR,BR-BA,254116,254116,0
Brazil,Bahia,2021-02-05,BR,BR-BA,276038,276038,0
Brazil,Bahia,2021-02-06,BR,BR-BA,282018,282018,0
Brazil,Bahia,2021-02-07,BR,BR-BA,286006,286006,0
Brazil,Bahia,2021-02-08,BR,BR-BA,291676,291676,0
Brazil,Bahia,2021-02-09,BR,BR-BA,332183,332183,0
Brazil,Bahia,2021-02-10,BR,BR-BA,344841,344841,0
Brazil,Bahia,2021-02-11,BR,BR-BA,358775,358775,0
Brazil,Bahia,2021-02-12,BR,BR-BA,366446,366446,0
Brazil,Bahia,2021-02-13,BR,BR-BA,372098,372098,0
Brazil,Bahia,2021-02-14,BR,BR-BA,374051,374051,0
Brazil,Bahia,2021-02-15,BR,BR-BA,376130,376130,0
Brazil,Bahia,2021-02-16,BR,BR-BA,379698,378843,855
Brazil,Bahia,2021-02-17,BR,BR-BA,391252,383670,7582
Brazil,Bahia,2021-02-18,BR,BR-BA,421157,398859,22298
Brazil,Bahia,2021-02-19,BR,BR-BA,443409,405862,37547
Brazil,Bahia,2021-02-20,BR,BR-BA,461079,414224,46855
Brazil,Bahia,2021-02-21,BR,BR-BA,463800,414372,49428
Brazil,Bahia,2021-02-22,BR,BR-BA,474100,415778,58322
Brazil,Bahia,2021-02-23,BR,BR-BA,487360,417396,69964
Brazil,Bahia,2021-02-24,BR,BR-BA,502834,420792,82042
Brazil,Bahia,2021-02-25,BR,BR-BA,511840,422967,88873
Brazil,Bahia,2021-02-26,BR,BR-BA,526711,430630,96081
Brazil,Bahia,2021-02-27,BR,BR-BA,532576,433870,98706
Brazil,Ceara,2021-01-18,BR,BR-CE,11,11,0
Brazil,Ceara,2021-01-19,BR,BR-CE,753,753,0
Brazil,Ceara,2021-01-20,BR,BR-CE,2714,2714,0
Brazil,Ceara,2021-01-22,BR,BR-CE,21526,21526,0
Brazil,Ceara,2021-01-23,BR,BR-CE,33689,33689,0
Brazil,Ceara,2021-01-25,BR,BR-CE,34372,34372,0
Brazil,Ceara,2021-01-26,BR,BR-CE,37665,37665,0
Brazil,Ceara,2021-01-27,BR,BR-CE,48821,48821,0
Brazil,Ceara,2021-01-28,BR,BR-CE,68738,68738,0
Brazil,Ceara,2021-01-29,BR,BR-CE,81921,81921,0
Brazil,Ceara,2021-02-01,BR,BR-CE,108604,108604,0
Brazil,Ceara,2021-02-02,BR,BR-CE,120917,120917,0
Brazil,Ceara,2021-02-03,BR,BR-CE,137156,137156,0
Brazil,Ceara,2021-02-04,BR,BR-CE,143616,143616,0
Brazil,Ceara,2021-02-05,BR,BR-CE,159007,159007,0
Brazil,Ceara,2021-02-08,BR,BR-CE,183161,183161,0
Brazil,Ceara,2021-02-09,BR,BR-CE,186388,186388,0
Brazil,Ceara,2021-02-10,BR,BR-CE,187371,187371,0
Brazil,Ceara,2021-02-11,BR,BR-CE,204945,204945,0
Brazil,Ceara,2021-02-12,BR,BR-CE,215300,214406,894
Brazil,Ceara,2021-02-15,BR,BR-CE,232328,228318,4010
Brazil,Ceara,2021-02-16,BR,BR-CE,250449,234497,15952
Brazil,Ceara,2021-02-17,BR,BR-CE,266395,245258,21137
Brazil,Ceara,2021-02-18,BR,BR-CE,273764,247319,26445
Brazil,Ceara,2021-02-19,BR,BR-CE,304002,259525,44477
Brazil,Ceara,2021-02-22,BR,BR-CE,311983,262501,49482
Brazil,Ceara,2021-02-23,BR,BR-CE,318726,264251,54475
Brazil,Ceara,2021-02-24,BR,BR-CE,323693,265157,58536
Brazil,Ceara,2021-02-25,BR,BR-CE,398851,318303,80548
Brazil,Ceara,2021-02-26,BR,BR-CE,366896,281041,85855
Brazil,Distrito Federal,2021-01-18,BR,BR-DF,0,0,0
Brazil,Distrito Federal,2021-01-19,BR,BR-DF,2063,2063,0
Brazil,Distrito Federal,2021-01-20,BR,BR-DF,7409,7409,0
Brazil,Distrito Federal,2021-01-21,BR,BR-DF,11203,11203,0
Brazil,Distrito Federal,2021-01-22,BR,BR-DF,15134,15134,0
Brazil,Distrito Federal,2021-01-25,BR,BR-DF,18522,18522,0
Brazil,Distrito Federal,2021-01-26,BR,BR-DF,23227,23227,0
Brazil,Distrito Federal,2021-01-27,BR,BR-DF,33317,33317,0
Brazil,Distrito Federal,2021-01-28,BR,BR-DF,37914,37914,0
Brazil,Distrito Federal,2021-01-29,BR,BR-DF,44315,44315,0
Brazil,Distrito Federal,2021-02-01,BR,BR-DF,59671,59671,0
Brazil,Distrito Federal,2021-02-02,BR,BR-DF,76424,76424,0
Brazil,Distrito Federal,2021-02-03,BR,BR-DF,85763,85763,0
Brazil,Distrito Federal,2021-02-04,BR,BR-DF,93582,93582,0
Brazil,Distrito Federal,2021-02-05,BR,BR-DF,97793,97793,0
Brazil,Distrito Federal,2021-02-08,BR,BR-DF,101599,101133,466
Brazil,Distrito Federal,2021-02-09,BR,BR-DF,107547,105481,2066
Brazil,Distrito Federal,2021-02-10,BR,BR-DF,111555,106990,4565
Brazil,Distrito Federal,2021-02-11,BR,BR-DF,117320,109893,7427
Brazil,Distrito Federal,2021-02-12,BR,BR-DF,120923,111028,9895
Brazil,Distrito Federal,2021-02-17,BR,BR-DF,122840,111670,11170
Brazil,Distrito Federal,2021-02-18,BR,BR-DF,129543,114471,15072
Brazil,Distrito Federal,2021-02-20,BR,BR-DF,134894,115369,19525
Brazil,Distrito Federal,2021-02-22,BR,BR-DF,140395,116604,23791
Brazil,Distrito Federal,2021-02-23,BR,BR-DF,145235,116995,28240
Brazil,Distrito Federal,2021-02-24,BR,BR-DF,154012,118657,35355
Brazil,Distrito Federal,2021-02-25,BR,BR-DF,158579,119747,38832
Brazil,Distrito Federal,2021-02-26,BR,BR-DF,173773,130547,43226
Brazil,Espirito Santo,2021-01-18,BR,BR-ES,6,6,0
Brazil,Espirito Santo,2021-01-20,BR,BR-ES,3489,3489,0
Brazil,Espirito Santo,2021-01-21,BR,BR-ES,5110,5110,0
Brazil,Espirito Santo,2021-01-22,BR,BR-ES,9797,9797,0
Brazil,Espirito Santo,2021-01-25,BR,BR-ES,10656,10656,0
Brazil,Espirito Santo,2021-01-26,BR,BR-ES,21744,21744,0
Brazil,Espirito Santo,2021-01-27,BR,BR-ES,29602,29602,0
Brazil,Espirito Santo,2021-01-28,BR,BR-ES,41126,41126,0
Brazil,Espirito Santo,2021-01-29,BR,BR-ES,50945,50945,0
Brazil,Espirito Santo,2021-02-01,BR,BR-ES,54568,54568,0
Brazil,Espirito Santo,2021-02-02,BR,BR-ES,62367,62367,0
Brazil,Espirito Santo,2021-02-03,BR,BR-ES,66391,66391,0
Brazil,Espirito Santo,2021-02-04,BR,BR-ES,69791,69791,0
Brazil,Espirito Santo,2021-02-05,BR,BR-ES,74537,74537,0
Brazil,Espirito Santo,2021-02-08,BR,BR-ES,81063,81063,0
Brazil,Espirito Santo,2021-02-09,BR,BR-ES,84725,84725,0
Brazil,Espirito Santo,2021-02-10,BR,BR-ES,87836,87836,0
Brazil,Espirito Santo,2021-02-11,BR,BR-ES,91333,91333,0
Brazil,Espirito Santo,2021-02-12,BR,BR-ES,98952,98952,0
Brazil,Espirito Santo,2021-02-14,BR,BR-ES,98952,98887,65
Brazil,Espirito Santo,2021-02-16,BR,BR-ES,101406,101331,75
Brazil,Espirito Santo,2021-02-17,BR,BR-ES,101892,101713,179
Brazil,Espirito Santo,2021-02-18,BR,BR-ES,105595,105133,462
Brazil,Espirito Santo,2021-02-19,BR,BR-ES,110109,105780,4329
Brazil,Espirito Santo,2021-02-22,BR,BR-ES,118799,108515,10284
Brazil,Espirito Santo,2021-02-23,BR,BR-ES,124678,111041,13637
Brazil,Espirito Santo,2021-02-24,BR,BR-ES,129700,113742,15958
Brazil,Espirito Santo,2021-02-25,BR,BR-ES,135967,117035,18932
Brazil,Espirito Santo,2021-02-26,BR,BR-ES,139772,118135,21637
Brazil,Goias,2021-01-18,BR,BR-GO,2,2,0
Brazil,Goias,2021-01-21,BR,BR-GO,1587,1587,0
Brazil,Goias,2021-01-22,BR,BR-GO,4166,4166,0
Brazil,Goias,2021-01-25,BR,BR-GO,6233,6233,0
Brazil,Goias,2021-01-26,BR,BR-GO,10892,10892,0
Brazil,Goias,2021-01-27,BR,BR-GO,12756,12756,0
Brazil,Goias,2021-01-28,BR,BR-GO,15558,15558,0
Brazil,Goias,2021-01-29,BR,BR-GO,75496,75496,0
Brazil,Goias,2021-02-01,BR,BR-GO,80628,80628,0
Brazil,Goias,2021-02-02,BR,BR-GO,84525,84525,0
Brazil,Goias,2021-02-03,BR,BR-GO,100617,100617,0
Brazil,Goias,2021-02-04,BR,BR-GO,113729,113729,0
Brazil,Goias,2021-02-05,BR,BR-GO,125437,125437,0
Brazil,Goias,2021-02-08,BR,BR-GO,133201,133201,0
Brazil,Goias,2021-02-09,BR,BR-GO,134461,134461,0
Brazil,Goias,2021-02-10,BR,BR-GO,138196,138196,0
Brazil,Goias,2021-02-11,BR,BR-GO,152619,152619,0
Brazil,Goias,2021-02-12,BR,BR-GO,164444,164444,0
Brazil,Goias,2021-02-14,BR,BR-GO,166173,164444,1729
Brazil,Goias,2021-02-15,BR,BR-GO,179605,177062,2543
Brazil,Goias,2021-02-16,BR,BR-GO,181345,177763,3582
Brazil,Goias,2021-02-17,BR,BR-GO,191319,185670,5649
Brazil,Goias,2021-02-18,BR,BR-GO,196711,186335,10376
Brazil,Goias,2021-02-19,BR,BR-GO,203610,187456,16154
Brazil,Goias,2021-02-20,BR,BR-GO,206074,187456,18618
Brazil,Goias,2021-02-21,BR,BR-GO,206528,187456,19072
Brazil,Goias,2021-02-22,BR,BR-GO,211325,187456,23869
Brazil,Goias,2021-02-23,BR,BR-GO,216782,187456,29326
Brazil,Goias,2021-02-24,BR,BR-GO,219322,187578,31744
Brazil,Goias,2021-02-25,BR,BR-GO,226398,188045,38353
Brazil,Goias,2021-02-26,BR,BR-GO,230811,188108,42703
Brazil,Goias,2021-02-27,BR,BR-GO,231628,188108,43520
Brazil,Maranhao,2021-01-18,BR,BR-MA,5,5,0
Brazil,Maranhao,2021-01-21,BR,BR-MA,3894,3894,0
Brazil,Maranhao,2021-01-22,BR,BR-MA,15348,15348,0
Brazil,Maranhao,2021-01-24,BR,BR-MA,21491,21491,0
Brazil,Maranhao,2021-01-25,BR,BR-MA,22798,22798,0
Brazil,Maranhao,2021-01-26,BR,BR-MA,31953,31953,0
Brazil,Maranhao,2021-01-27,BR,BR-MA,44515,44515,0
Brazil,Maranhao,2021-01-29,BR,BR-MA,55495,55495,0
Brazil,Maranhao,2021-01-30,BR,BR-MA,56435,56435,0
Brazil,Maranhao,2021-02-02,BR,BR-MA,65040,65040,0
Brazil,Maranhao,2021-02-03,BR,BR-MA,71497,71497,0
Brazil,Maranhao,2021-02-05,BR,BR-MA,82797,82797,0
Brazil,Maranhao,2021-02-06,BR,BR-MA,83328,83328,0
Brazil,Maranhao,2021-02-07,BR,BR-MA,84759,84759,0
Brazil,Maranhao,2021-02-08,BR,BR-MA,87760,87760,0
Brazil,Maranhao,2021-02-09,BR,BR-MA,92981,91768,1213
Brazil,Maranhao,2021-02-10,BR,BR-MA,98307,95507,2800
Brazil,Maranhao,2021-02-11,BR,BR-MA,102380,97952,4428
Brazil,Maranhao,2021-02-12,BR,BR-MA,108422,100740,7682
Brazil,Maranhao,2021-02-15,BR,BR-MA,112708,102378,10330
Brazil,Maranhao,2021-02-16,BR,BR-MA,135116,124536,10580
Brazil,Maranhao,2021-02-17,BR,BR-MA,142591,127747,14844
Brazil,Maranhao,2021-02-18,BR,BR-MA,149165,130797,18368
Brazil,Maranhao,2021-02-20,BR,BR-MA,156287,134123,22164
Brazil,Maranhao,2021-02-22,BR,BR-MA,157074,134786,22288
Brazil,Maranhao,2021-02-23,BR,BR-MA,171459,134786,36673
Brazil,Maranhao,2021-02-24,BR,BR-MA,183661,137107,46554
Brazil,Maranhao,2021-02-25,BR,BR-MA,188225,140234,47991
Brazil,Maranhao,2021-02-26,BR,BR-MA,192850,143732,49118
Brazil,Mato Grosso,2021-01-18,BR,BR-MT,7,7,0
Brazil,Mato Grosso,2021-01-19,BR,BR-MT,10,10,0
Brazil,Mato Grosso,2021-01-22,BR,BR-MT,230,230,0
Brazil,Mato Grosso,2021-01-25,BR,BR-MT,3787,3787,0
Brazil,Mato Grosso,2021-01-26,BR,BR-MT,4134,4134,0
Brazil,Mato Grosso,2021-01-27,BR,BR-MT,4371,4371,0
Brazil,Mato Grosso,2021-01-28,BR,BR-MT,13359,13359,0
Brazil,Mato Grosso,2021-01-29,BR,BR-MT,18009,18009,0
Brazil,Mato Grosso,2021-01-30,BR,BR-MT,22604,22604,0
Brazil,Mato Grosso,2021-01-31,BR,BR-MT,24549,24549,0
Brazil,Mato Grosso,2021-02-01,BR,BR-MT,29175,29175,0
Brazil,Mato Grosso,2021-02-02,BR,BR-MT,31179,31179,0
Brazil,Mato Grosso,2021-02-03,BR,BR-MT,42513,42513,0
Brazil,Mato Grosso,2021-02-04,BR,BR-MT,45921,45921,0
Brazil,Mato Grosso,2021-02-05,BR,BR-MT,47753,47753,0
Brazil,Mato Grosso,2021-02-06,BR,BR-MT,55432,55432,0
Brazil,Mato Grosso,2021-02-07,BR,BR-MT,58315,58315,0
Brazil,Mato Grosso,2021-02-08,BR,BR-MT,60137,60137,0
Brazil,Mato Grosso,2021-02-09,BR,BR-MT,64287,64287,0
Brazil,Mato Grosso,2021-02-10,BR,BR-MT,66732,66732,0
Brazil,Mato Grosso,2021-02-11,BR,BR-MT,68450,68450,0
Brazil,Mato Grosso,2021-02-12,BR,BR-MT,71594,71594,0
Brazil,Mato Grosso,2021-02-14,BR,BR-MT,82432,71594,10838
Brazil,Mato Grosso,2021-02-15,BR,BR-MT,86043,72150,13893
Brazil,Mato Grosso,2021-02-16,BR,BR-MT,89446,73748,15698
Brazil,Mato Grosso,2021-02-17,BR,BR-MT,91776,74984,16792
Brazil,Mato Grosso,2021-02-18,BR,BR-MT,94801,76288,18513
Brazil,Mato Grosso,2021-02-19,BR,BR-MT,98134,77596,20538
Brazil,Mato Grosso,2021-02-21,BR,BR-MT,102577,78974,23603
Brazil,Mato Grosso,2021-02-22,BR,BR-MT,106684,81633,25051
Brazil,Mato Grosso,2021-02-23,BR,BR-MT,109576,83133,26443
Brazil,Mato Grosso,2021-02-24,BR,BR-MT,110662,83645,27017
Brazil,Mato Grosso,2021-02-25,BR,BR-MT,113041,83645,29396
Brazil,Mato Grosso,2021-02-26,BR,BR-MT,115791,84484,31307
Brazil,Mato Grosso,2021-02-27,BR,BR-MT,116141,84611,31530
Brazil,Mato Grosso do Sul,2021-01-18,BR,BR-MS,4,4,0
Brazil,Mato Grosso do Sul,2021-01-22,BR,BR-MS,11400,11400,0
Brazil,Mato Grosso do Sul,2021-01-26,BR,BR-MS,16775,16775,0
Brazil,Mato Grosso do Sul,2021-01-29,BR,BR-MS,44152,44152,0
Brazil,Mato Grosso do Sul,2021-01-31,BR,BR-MS,44772,44772,0
Brazil,Mato Grosso do Sul,2021-02-01,BR,BR-MS,46152,46152,0
Brazil,Mato Grosso do Sul,2021-02-03,BR,BR-MS,52535,52535,0
Brazil,Mato Grosso do Sul,2021-02-04,BR,BR-MS,53898,53898,0
Brazil,Mato Grosso do Sul,2021-02-05,BR,BR-MS,71688,71688,0
Brazil,Mato Grosso do Sul,2021-02-08,BR,BR-MS,76613,73508,3105
Brazil,Mato Grosso do Sul,2021-02-09,BR,BR-MS,83428,77065,6363
Brazil,Mato Grosso do Sul,2021-02-10,BR,BR-MS,86361,78349,8012
Brazil,Mato Grosso do Sul,2021-02-11,BR,BR-MS,85915,77808,8107
Brazil,Mato Grosso do Sul,2021-02-12,BR,BR-MS,120412,96798,23614
Brazil,Mato Grosso do Sul,2021-02-13,BR,BR-MS,119585,96323,23262
Brazil,Mato Grosso do Sul,2021-02-14,BR,BR-MS,119781,96445,23336
Brazil,Mato Grosso do Sul,2021-02-15,BR,BR-MS,121350,96942,24408
Brazil,Mato Grosso do Sul,2021-02-16,BR,BR-MS,124974,97870,27104
Brazil,Mato Grosso do Sul,2021-02-17,BR,BR-MS,127537,99374,28163
Brazil,Mato Grosso do Sul,2021-02-18,BR,BR-MS,135393,105341,30052
Brazil,Mato Grosso do Sul,2021-02-19,BR,BR-MS,139819,106254,33565
Brazil,Mato Grosso do Sul,2021-02-20,BR,BR-MS,140522,106544,33978
Brazil,Mato Grosso do Sul,2021-02-21,BR,BR-MS,143604,106865,36739
Brazil,Mato Grosso do Sul,2021-02-22,BR,BR-MS,146324,107421,38903
Brazil,Mato Grosso do Sul,2021-02-23,BR,BR-MS,149803,108248,41555
Brazil,Mato Grosso do Sul,2021-02-24,BR,BR-MS,150708,108370,42338
Brazil,Mato Grosso do Sul,2021-02-25,BR,BR-MS,150074,105995,44079
Brazil,Mato Grosso do Sul,2021-02-26,BR,BR-MS,156221,108888,47333
Brazil,Mato Grosso do Sul,2021-02-27,BR,BR-MS,159743,111344,48399
Brazil,Minas Gerais,2021-01-18,BR,BR-MG,5,5,0
Brazil,Minas Gerais,2021-01-19,BR,BR-MG,26,26,0
Brazil,Minas Gerais,2021-01-21,BR,BR-MG,2326,2326,0
Brazil,Minas Gerais,2021-01-23,BR,BR-MG,9881,9881,0
Brazil,Minas Gerais,2021-01-25,BR,BR-MG,55920,55920,0
Brazil,Minas Gerais,2021-01-26,BR,BR-MG,63047,63047,0
Brazil,Minas Gerais,2021-01-27,BR,BR-MG,115219,115219,0
Brazil,Minas Gerais,2021-01-28,BR,BR-MG,139841,139841,0
Brazil,Minas Gerais,2021-01-29,BR,BR-MG,148785,148785,0
Brazil,Minas Gerais,2021-01-30,BR,BR-MG,165863,165863,0
Brazil,Minas Gerais,2021-01-31,BR,BR-MG,167838,167838,0
Brazil,Minas Gerais,2021-02-01,BR,BR-MG,169798,169798,0
Brazil,Minas Gerais,2021-02-02,BR,BR-MG,176777,176777,0
Brazil,Minas Gerais,2021-02-03,BR,BR-MG,196826,196826,0
Brazil,Minas Gerais,2021-02-04,BR,BR-MG,236592,236592,0
Brazil,Minas Gerais,2021-02-05,BR,BR-MG,273529,273529,0
Brazil,Minas Gerais,2021-02-06,BR,BR-MG,312914,295764,17150
Brazil,Minas Gerais,2021-02-07,BR,BR-MG,327354,304314,23040
Brazil,Minas Gerais,2021-02-08,BR,BR-MG,328720,304025,24695
Brazil,Minas Gerais,2021-02-09,BR,BR-MG,350736,317456,33280
Brazil,Minas Gerais,2021-02-10,BR,BR-MG,390192,342152,48040
Brazil,Minas Gerais,2021-02-11,BR,BR-MG,415769,354787,60982
Brazil,Minas Gerais,2021-02-12,BR,BR-MG,446608,367234,79374
Brazil,Minas Gerais,2021-02-15,BR,BR-MG,482129,379220,102909
Brazil,Minas Gerais,2021-02-16,BR,BR-MG,517003,396116,120887
Brazil,Minas Gerais,2021-02-17,BR,BR-MG,556281,422713,133568
Brazil,Minas Gerais,2021-02-18,BR,BR-MG,579155,433553,145602
Brazil,Minas Gerais,2021-02-19,BR,BR-MG,600962,439255,161707
Brazil,Minas Gerais,2021-02-21,BR,BR-MG,631847,454030,177817
Brazil,Minas Gerais,2021-02-22,BR,BR-MG,695954,508138,187816
Brazil,Minas Gerais,2021-02-23,BR,BR-MG,751682,545546,206136
Brazil,Minas Gerais,2021-02-24,BR,BR-MG,766110,545546,220564
Brazil,Minas Gerais,2021-02-25,BR,BR-MG,774079,545546,228533
Brazil,Minas Gerais,2021-02-26,BR,BR-MG,788757,550602,238155
Brazil,Para,2021-01-18,BR,BR-PA,0,0,0
Brazil,Para,2021-01-19,BR,BR-PA,2,2,0
Brazil,Para,2021-01-23,BR,BR-PA,7953,7953,0
Brazil,Para,2021-01-26,BR,BR-PA,9919,9919,0
Brazil,Para,2021-01-27,BR,BR-PA,37123,37123,0
Brazil,Para,2021-01-28,BR,BR-PA,38808,38808,0
Brazil,Para,2021-01-30,BR,BR-PA,42853,42853,0
Brazil,Para,2021-01-31,BR,BR-PA,43773,43773,0
Brazil,Para,2021-02-01,BR,BR-PA,57247,57247,0
Brazil,Para,2021-02-02,BR,BR-PA,59780,59780,0
Brazil,Para,2021-02-03,BR,BR-PA,64047,64047,0
Brazil,Para,2021-02-04,BR,BR-PA,66025,66025,0
Brazil,Para,2021-02-05,BR,BR-PA,70494,70494,0
Brazil,Para,2021-02-06,BR,BR-PA,73970,73970,0
Brazil,Para,2021-02-08,BR,BR-PA,78506,78506,0
Brazil,Para,2021-02-09,BR,BR-PA,102840,102840,0
Brazil,Para,2021-02-10,BR,BR-PA,107212,107212,0
Brazil,Para,2021-02-11,BR,BR-PA,111032,111032,0
Brazil,Para,2021-02-12,BR,BR-PA,117533,117533,0
Brazil,Para,2021-02-13,BR,BR-PA,122365,117532,4833
Brazil,Para,2021-02-15,BR,BR-PA,132762,123632,9130
Brazil,Para,2021-02-16,BR,BR-PA,135221,125031,10190
Brazil,Para,2021-02-18,BR,BR-PA,110744,101095,9649
Brazil,Para,2021-02-19,BR,BR-PA,119949,106858,13091
Brazil,Para,2021-02-21,BR,BR-PA,129431,113738,15693
Brazil,Para,2021-02-22,BR,BR-PA,134142,116711,17431
Brazil,Para,2021-02-23,BR,BR-PA,150555,125145,25410
Brazil,Para,2021-02-24,BR,BR-PA,163011,129681,33330
Brazil,Para,2021-02-25,BR,BR-PA,181917,140241,41676
Brazil,Para,2021-02-26,BR,BR-PA,187328,140241,47087
Brazil,Para,2021-02-27,BR,BR-PA,188593,140241,48352
Brazil,Paraiba,2021-01-18,BR,BR-PB,0,0,0
Brazil,Paraiba,2021-01-19,BR,BR-PB,2,2,0
Brazil,Paraiba,2021-01-20,BR,BR-PB,3104,3104,0
Brazil,Paraiba,2021-01-22,BR,BR-PB,9539,9539,0
Brazil,Paraiba,2021-01-24,BR,BR-PB,9755,9755,0
Brazil,Paraiba,2021-01-25,BR,BR-PB,10051,10051,0
Brazil,Paraiba,2021-01-26,BR,BR-PB,10132,10132,0
Brazil,Paraiba,2021-01-27,BR,BR-PB,18750,18750,0
Brazil,Paraiba,2021-01-28,BR,BR-PB,22608,22608,0
Brazil,Paraiba,2021-01-29,BR,BR-PB,31342,31342,0
Brazil,Paraiba,2021-01-30,BR,BR-PB,34592,34592,0
Brazil,Paraiba,2021-01-31,BR,BR-PB,35044,35044,0
Brazil,Paraiba,2021-02-01,BR,BR-PB,39626,39626,0
Brazil,Paraiba,2021-02-02,BR,BR-PB,42658,42658,0
Brazil,Paraiba,2021-02-03,BR,BR-PB,52420,52420,0
Brazil,Paraiba,2021-02-04,BR,BR-PB,55367,55367,0
Brazil,Paraiba,2021-02-05,BR,BR-PB,56953,56953,0
Brazil,Paraiba,2021-02-06,BR,BR-PB,64406,64406,0
Brazil,Paraiba,2021-02-07,BR,BR-PB,69732,69732,0
Brazil,Paraiba,2021-02-08,BR,BR-PB,71843,71843,0
Brazil,Paraiba,2021-02-09,BR,BR-PB,76063,76063,0
Brazil,Paraiba,2021-02-10,BR,BR-PB,78823,78823,0
Brazil,Paraiba,2021-02-11,BR,BR-PB,82458,81414,1044
Brazil,Paraiba,2021-02-12,BR,BR-PB,88420,86389,2031
Brazil,Paraiba,2021-02-13,BR,BR-PB,88927,86896,2031
Brazil,Paraiba,2021-02-14,BR,BR-PB,90195,87017,3178
Brazil,Paraiba,2021-02-15,BR,BR-PB,93439,89238,4201
Brazil,Paraiba,2021-02-16,BR,BR-PB,96251,90742,5509
Brazil,Paraiba,2021-02-17,BR,BR-PB,99522,92269,7253
Brazil,Paraiba,2021-02-18,BR,BR-PB,111709,103107,8602
Brazil,Paraiba,2021-02-19,BR,BR-PB,107974,96029,11945
Brazil,Paraiba,2021-02-21,BR,BR-PB,112927,97986,14941
Brazil,Paraiba,2021-02-22,BR,BR-PB,117756,100892,16864
Brazil,Paraiba,2021-02-23,BR,BR-PB,123003,103312,19691
Brazil,Paraiba,2021-02-24,BR,BR-PB,128974,106521,22453
Brazil,Paraiba,2021-02-25,BR,BR-PB,136458,106974,29484
Brazil,Paraiba,2021-02-26,BR,BR-PB,141851,108174,33677
Brazil,Paraiba,2021-02-27,BR,BR-PB,144302,109926,34376
Brazil,Parana,2021-01-18,BR,BR-PR,8,8,0
Brazil,Parana,2021-01-19,BR,BR-PR,163,163,0
Brazil,Parana,2021-01-20,BR,BR-PR,3807,3807,0
Brazil,Parana,2021-01-22,BR,BR-PR,57200,57200,0
Brazil,Parana,2021-01-26,BR,BR-PR,76517,76517,0
Brazil,Parana,2021-01-27,BR,BR-PR,99973,99973,0
Brazil,Parana,2021-01-28,BR,BR-PR,113829,113829,0
Brazil,Parana,2021-01-29,BR,BR-PR,136226,136226,0
Brazil,Parana,2021-02-01,BR,BR-PR,150434,150434,0
Brazil,Parana,2021-02-02,BR,BR-PR,158780,158780,0
Brazil,Parana,2021-02-03,BR,BR-PR,164687,164687,0
Brazil,Parana,2021-02-04,BR,BR-PR,184204,184204,0
Brazil,Parana,2021-02-05,BR,BR-PR,198310,198310,0
Brazil,Parana,2021-02-08,BR,BR-PR,212935,212935,0
Brazil,Parana,2021-02-09,BR,BR-PR,215798,215798,0
Brazil,Parana,2021-02-10,BR,BR-PR,225044,225044,0
Brazil,Parana,2021-02-11,BR,BR-PR,218050,218050,0
Brazil,Parana,2021-02-12,BR,BR-PR,239862,239862,0
Brazil,Parana,2021-02-15,BR,BR-PR,266874,257305,9569
Brazil,Parana,2021-02-17,BR,BR-PR,293283,267652,25631
Brazil,Parana,2021-02-18,BR,BR-PR,308972,271275,37697
Brazil,Parana,2021-02-19,BR,BR-PR,331260,277707,53553
Brazil,Parana,2021-02-22,BR,BR-PR,354453,284460,69993
Brazil,Parana,2021-02-23,BR,BR-PR,364633,286837,77796
Brazil,Parana,2021-02-24,BR,BR-PR,380019,286837,93182
Brazil,Parana,2021-02-25,BR,BR-PR,389549,293419,96130
Brazil,Parana,2021-02-26,BR,BR-PR,396049,297611,98438
Brazil,Pernambuco,2021-01-18,BR,BR-PE,10,10,0
Brazil,Pernambuco,2021-01-20,BR,BR-PE,1100,1100,0
Brazil,Pernambuco,2021-01-21,BR,BR-PE,4848,4848,0
Brazil,Pernambuco,2021-01-22,BR,BR-PE,34336,34336,0
Brazil,Pernambuco,2021-01-25,BR,BR-PE,43441,43441,0
Brazil,Pernambuco,2021-01-26,BR,BR-PE,51118,51118,0
Brazil,Pernambuco,2021-01-27,BR,BR-PE,63180,63180,0
Brazil,Pernambuco,2021-01-28,BR,BR-PE,75552,75552,0
Brazil,Pernambuco,2021-01-29,BR,BR-PE,96274,96274,0
Brazil,Pernambuco,2021-02-01,BR,BR-PE,118733,118733,0
Brazil,Pernambuco,2021-02-02,BR,BR-PE,136107,136107,0
Brazil,Pernambuco,2021-02-03,BR,BR-PE,148632,148632,0
Brazil,Pernambuco,2021-02-04,BR,BR-PE,161566,161566,0
Brazil,Pernambuco,2021-02-05,BR,BR-PE,173510,171548,1962
Brazil,Pernambuco,2021-02-06,BR,BR-PE,191702,189175,2527
Brazil,Pernambuco,2021-02-07,BR,BR-PE,192010,189362,2648
Brazil,Pernambuco,2021-02-08,BR,BR-PE,200541,195191,5350
Brazil,Pernambuco,2021-02-09,BR,BR-PE,207064,199604,7460
Brazil,Pernambuco,2021-02-10,BR,BR-PE,220461,205164,15297
Brazil,Pernambuco,2021-02-11,BR,BR-PE,230373,211961,18412
Brazil,Pernambuco,2021-02-12,BR,BR-PE,247652,220728,26924
Brazil,Pernambuco,2021-02-13,BR,BR-PE,253515,223082,30433
Brazil,Pernambuco,2021-02-14,BR,BR-PE,254669,223207,31462
Brazil,Pernambuco,2021-02-15,BR,BR-PE,264238,227385,36853
Brazil,Pernambuco,2021-02-16,BR,BR-PE,272864,229060,43804
Brazil,Pernambuco,2021-02-17,BR,BR-PE,286386,234010,52376
Brazil,Pernambuco,2021-02-18,BR,BR-PE,309220,251570,57650
Brazil,Pernambuco,2021-02-19,BR,BR-PE,323027,257019,66008
Brazil,Pernambuco,2021-02-20,BR,BR-PE,328310,258440,69870
Brazil,Pernambuco,2021-02-21,BR,BR-PE,329925,259031,70894
Brazil,Pernambuco,2021-02-22,BR,BR-PE,341186,264973,76213
Brazil,Pernambuco,2021-02-23,BR,BR-PE,354132,268846,85286
Brazil,Pernambuco,2021-02-24,BR,BR-PE,366767,274376,92391
Brazil,Pernambuco,2021-02-25,BR,BR-PE,375475,277598,97877
Brazil,Pernambuco,2021-02-26,BR,BR-PE,441152,321000,120152
Brazil,Pernambuco,2021-02-27,BR,BR-PE,397950,289930,108020
Brazil,Piaui,2021-01-18,BR,BR-PI,6,6,0
Brazil,Piaui,2021-01-20,BR,BR-PI,287,287,0
Brazil,Piaui,2021-01-24,BR,BR-PI,13104,13104,0
Brazil,Piaui,2021-01-25,BR,BR-PI,13119,13119,0
Brazil,Piaui,2021-01-26,BR,BR-PI,16325,16325,0
Brazil,Piaui,2021-01-27,BR,BR-PI,19366,19366,0
Brazil,Piaui,2021-01-28,BR,BR-PI,25511,25511,0
Brazil,Piaui,2021-01-29,BR,BR-PI,29127,29127,0
Brazil,Piaui,2021-01-30,BR,BR-PI,30931,30931,0
Brazil,Piaui,2021-01-31,BR,BR-PI,31069,31069,0
Brazil,Piaui,2021-02-01,BR,BR-PI,35611,35611,0
Brazil,Piaui,2021-02-02,BR,BR-PI,37873,37873,0
Brazil,Piaui,2021-02-03,BR,BR-PI,40233,40233,0
Brazil,Piaui,2021-02-04,BR,BR-PI,42503,42503,0
Brazil,Piaui,2021-02-05,BR,BR-PI,43877,43877,0
Brazil,Piaui,2021-02-06,BR,BR-PI,45275,45275,0
Brazil,Piaui,2021-02-07,BR,BR-PI,45587,45587,0
Brazil,Piaui,2021-02-08,BR,BR-PI,47150,47150,0
Brazil,Piaui,2021-02-09,BR,BR-PI,47978,47978,0
Brazil,Piaui,2021-02-10,BR,BR-PI,51211,51211,0
Brazil,Piaui,2021-02-11,BR,BR-PI,53653,53617,36
Brazil,Piaui,2021-02-12,BR,BR-PI,56352,56056,296
Brazil,Piaui,2021-02-13,BR,BR-PI,57215,56913,302
Brazil,Piaui,2021-02-14,BR,BR-PI,57410,57087,323
Brazil,Piaui,2021-02-15,BR,BR-PI,60878,60272,606
Brazil,Piaui,2021-02-16,BR,BR-PI,62263,61276,987
Brazil,Piaui,2021-02-17,BR,BR-PI,64195,62595,1600
Brazil,Piaui,2021-02-18,BR,BR-PI,66230,63379,2851
Brazil,Piaui,2021-02-19,BR,BR-PI,68632,64402,4230
Brazil,Piaui,2021-02-20,BR,BR-PI,69461,64716,4745
Brazil,Piaui,2021-02-21,BR,BR-PI,69553,64790,4763
Brazil,Piaui,2021-02-22,BR,BR-PI,71005,65163,5842
Brazil,Piaui,2021-02-23,BR,BR-PI,72411,65529,6882
Brazil,Piaui,2021-02-24,BR,BR-PI,82320,68611,13709
Brazil,Piaui,2021-02-25,BR,BR-PI,85427,69798,15629
Brazil,Piaui,2021-02-26,BR,BR-PI,87247,70232,17015
Brazil,Piaui,2021-02-27,BR,BR-PI,90725,70415,20310
Brazil,Rio Grande do Norte,2021-01-18,BR,BR-RN,0,0,0
Brazil,Rio Grande do Norte,2021-01-19,BR,BR-RN,8,8,0
Brazil,Rio Grande do Norte,2021-01-20,BR,BR-RN,3922,3922,0
Brazil,Rio Grande do Norte,2021-01-21,BR,BR-RN,7069,7069,0
Brazil,Rio Grande do Norte,2021-01-22,BR,BR-RN,8677,8677,0
Brazil,Rio Grande do Norte,2021-01-23,BR,BR-RN,10334,10334,0
Brazil,Rio Grande do Norte,2021-01-24,BR,BR-RN,16060,16060,0
Brazil,Rio Grande do Norte,2021-01-25,BR,BR-RN,25177,25177,0
Brazil,Rio Grande do Norte,2021-01-26,BR,BR-RN,32629,32629,0
Brazil,Rio Grande do Norte,2021-01-27,BR,BR-RN,33117,33117,0
Brazil,Rio Grande do Norte,2021-01-28,BR,BR-RN,42720,42720,0
Brazil,Rio Grande do Norte,2021-01-29,BR,BR-RN,46018,46018,0
Brazil,Rio Grande do Norte,2021-01-30,BR,BR-RN,51317,51317,0
Brazil,Rio Grande do Norte,2021-01-31,BR,BR-RN,51330,51330,0
Brazil,Rio Grande do Norte,2021-02-01,BR,BR-RN,56620,56620,0
Brazil,Rio Grande do Norte,2021-02-03,BR,BR-RN,61881,61881,0
Brazil,Rio Grande do Norte,2021-02-04,BR,BR-RN,64228,64228,0
Brazil,Rio Grande do Norte,2021-02-05,BR,BR-RN,65362,65362,0
Brazil,Rio Grande do Norte,2021-02-06,BR,BR-RN,66039,66039,0
Brazil,Rio Grande do Norte,2021-02-07,BR,BR-RN,66504,66504,0
Brazil,Rio Grande do Norte,2021-02-08,BR,BR-RN,66941,66941,0
Brazil,Rio Grande do Norte,2021-02-09,BR,BR-RN,68743,68743,0
Brazil,Rio Grande do Norte,2021-02-10,BR,BR-RN,70346,70346,0
Brazil,Rio Grande do Norte,2021-02-11,BR,BR-RN,73481,73481,0
Brazil,Rio Grande do Norte,2021-02-12,BR,BR-RN,74643,74643,0
Brazil,Rio Grande do Norte,2021-02-13,BR,BR-RN,79390,74241,5149
Brazil,Rio Grande do Norte,2021-02-14,BR,BR-RN,79457,74252,5205
Brazil,Rio Grande do Norte,2021-02-15,BR,BR-RN,80279,74947,5332
Brazil,Rio Grande do Norte,2021-02-16,BR,BR-RN,81280,75390,5890
Brazil,Rio Grande do Norte,2021-02-17,BR,BR-RN,85236,76388,8848
Brazil,Rio Grande do Norte,2021-02-18,BR,BR-RN,93723,78813,14910
Brazil,Rio Grande do Norte,2021-02-19,BR,BR-RN,99691,80711,18980
Brazil,Rio Grande do Norte,2021-02-20,BR,BR-RN,100272,80992,19280
Brazil,Rio Grande do Norte,2021-02-21,BR,BR-RN,100572,80978,19594
Brazil,Rio Grande do Norte,2021-02-22,BR,BR-RN,107368,83422,23946
Brazil,Rio Grande do Norte,2021-02-23,BR,BR-RN,111907,84137,27770
Brazil,Rio Grande do Norte,2021-02-24,BR,BR-RN,116332,86213,30119
Brazil,Rio Grande do Norte,2021-02-25,BR,BR-RN,120884,88107,32777
Brazil,Rio Grande do Norte,2021-02-26,BR,BR-RN,123281,89267,34014
Brazil,Rio Grande do Norte,2021-02-27,BR,BR-RN,123381,89330,34051
Brazil,Rio Grande do Sul,2021-01-18,BR,BR-RS,5,5,0
Brazil,Rio Grande do Sul,2021-01-20,BR,BR-RS,2396,2396,0
Brazil,Rio Grande do Sul,2021-01-21,BR,BR-RS,10891,10891,0
Brazil,Rio Grande do Sul,2021-01-22,BR,BR-RS,44268,44268,0
Brazil,Rio Grande do Sul,2021-01-23,BR,BR-RS,74586,74586,0
Brazil,Rio Grande do Sul,2021-01-24,BR,BR-RS,76260,76260,0
Brazil,Rio Grande do Sul,2021-01-25,BR,BR-RS,81871,81871,0
Brazil,Rio Grande do Sul,2021-01-26,BR,BR-RS,97121,97121,0
Brazil,Rio Grande do Sul,2021-01-27,BR,BR-RS,109579,109579,0
Brazil,Rio Grande do Sul,2021-01-28,BR,BR-RS,122890,122890,0
Brazil,Rio Grande do Sul,2021-01-29,BR,BR-RS,145168,145168,0
Brazil,Rio Grande do Sul,2021-01-30,BR,BR-RS,165863,165863,0
Brazil,Rio Grande do Sul,2021-01-31,BR,BR-RS,167652,167652,0
Brazil,Rio Grande do Sul,2021-02-01,BR,BR-RS,168921,168921,0
Brazil,Rio Grande do Sul,2021-02-02,BR,BR-RS,183189,183189,0
Brazil,Rio Grande do Sul,2021-02-03,BR,BR-RS,188674,188674,0
Brazil,Rio Grande do Sul,2021-02-04,BR,BR-RS,198205,198205,0
Brazil,Rio Grande do Sul,2021-02-05,BR,BR-RS,214890,214890,0
Brazil,Rio Grande do Sul,2021-02-06,BR,BR-RS,228671,228671,0
Brazil,Rio Grande do Sul,2021-02-07,BR,BR-RS,230858,230858,0
Brazil,Rio Grande do Sul,2021-02-08,BR,BR-RS,231768,231768,0
Brazil,Rio Grande do Sul,2021-02-09,BR,BR-RS,239391,239391,0
Brazil,Rio Grande do Sul,2021-02-10,BR,BR-RS,247799,247583,216
Brazil,Rio Grande do Sul,2021-02-11,BR,BR-RS,269216,267691,1525
Brazil,Rio Grande do Sul,2021-02-12,BR,BR-RS,288194,284616,3578
Brazil,Rio Grande do Sul,2021-02-13,BR,BR-RS,308618,303928,4690
Brazil,Rio Grande do Sul,2021-02-14,BR,BR-RS,320930,314506,6424
Brazil,Rio Grande do Sul,2021-02-15,BR,BR-RS,352171,345747,6424
Brazil,Rio Grande do Sul,2021-02-16,BR,BR-RS,358487,351812,6675
Brazil,Rio Grande do Sul,2021-02-17,BR,BR-RS,369469,360476,8993
Brazil,Rio Grande do Sul,2021-02-18,BR,BR-RS,394791,380694,14097
Brazil,Rio Grande do Sul,2021-02-19,BR,BR-RS,420449,394205,26244
Brazil,Rio Grande do Sul,2021-02-20,BR,BR-RS,448270,411872,36398
Brazil,Rio Grande do Sul,2021-02-21,BR,BR-RS,456193,416379,39814
Brazil,Rio Grande do Sul,2021-02-22,BR,BR-RS,464238,420713,43525
Brazil,Rio Grande do Sul,2021-02-23,BR,BR-RS,476340,425597,50743
Brazil,Rio Grande do Sul,2021-02-24,BR,BR-RS,491822,435909,55913
Brazil,Rio Grande do Sul,2021-02-25,BR,BR-RS,534196,441841,92355
Brazil,Rio Grande do Sul,2021-02-26,BR,BR-RS,546636,448428,98208
Brazil,Rio Grande do Sul,2021-02-27,BR,BR-RS,560947,456787,104160
Brazil,Rio de Janeiro,2021-01-18,BR,BR-RJ,2,2,0
Brazil,Rio de Janeiro,2021-01-19,BR,BR-RJ,203,203,0
Brazil,Rio de Janeiro,2021-01-20,BR,BR-RJ,31177,31177,0
Brazil,Rio de Janeiro,2021-01-21,BR,BR-RJ,41427,41427,0
Brazil,Rio de Janeiro,2021-01-22,BR,BR-RJ,51319,51319,0
Brazil,Rio de Janeiro,2021-01-23,BR,BR-RJ,53144,53144,0
Brazil,Rio de Janeiro,2021-01-25,BR,BR-RJ,117516,117516,0
Brazil,Rio de Janeiro,2021-01-26,BR,BR-RJ,134888,134888,0
Brazil,Rio de Janeiro,2021-01-27,BR,BR-RJ,166402,166402,0
Brazil,Rio de Janeiro,2021-01-29,BR,BR-RJ,183441,183441,0
Brazil,Rio de Janeiro,2021-02-02,BR,BR-RJ,191877,191877,0
Brazil,Rio de Janeiro,2021-02-03,BR,BR-RJ,228285,228285,0
Brazil,Rio de Janeiro,2021-02-04,BR,BR-RJ,249033,249033,0
Brazil,Rio de Janeiro,2021-02-05,BR,BR-RJ,260034,260034,0
Brazil,Rio de Janeiro,2021-02-06,BR,BR-RJ,264110,264110,0
Brazil,Rio de Janeiro,2021-02-07,BR,BR-RJ,268214,268214,0
Brazil,Rio de Janeiro,2021-02-09,BR,BR-RJ,270001,270001,0
Brazil,Rio de Janeiro,2021-02-10,BR,BR-RJ,318493,318493,0
Brazil,Rio de Janeiro,2021-02-11,BR,BR-RJ,336508,336508,0
Brazil,Rio de Janeiro,2021-02-12,BR,BR-RJ,351045,351045,0
Brazil,Rio de Janeiro,2021-02-13,BR,BR-RJ,369696,369696,0
Brazil,Rio de Janeiro,2021-02-14,BR,BR-RJ,370045,370045,0
Brazil,Rio de Janeiro,2021-02-16,BR,BR-RJ,405925,405925,0
Brazil,Rio de Janeiro,2021-02-17,BR,BR-RJ,434988,405925,29063
Brazil,Rio de Janeiro,2021-02-18,BR,BR-RJ,467826,418419,49407
Brazil,Rio de Janeiro,2021-02-20,BR,BR-RJ,505292,425726,79566
Brazil,Rio de Janeiro,2021-02-21,BR,BR-RJ,508358,427482,80876
Brazil,Rio de Janeiro,2021-02-23,BR,BR-RJ,513218,430751,82467
Brazil,Rio de Janeiro,2021-02-24,BR,BR-RJ,543705,436731,106974
Brazil,Rio de Janeiro,2021-02-25,BR,BR-RJ,561434,451153,110281
Brazil,Rio de Janeiro,2021-02-26,BR,BR-RJ,569994,457108,112886
Brazil,Rio de Janeiro,2021-02-27,BR,BR-RJ,627588,499853,127735
Brazil,Rondonia,2021-01-18,BR,BR-RO,0,0,0
Brazil,Rondonia,2021-01-19,BR,BR-RO,3,3,0
Brazil,Rondonia,2021-01-23,BR,BR-RO,1200,1200,0
Brazil,Rondonia,2021-01-26,BR,BR-RO,1602,1602,0
Brazil,Rondonia,2021-01-30,BR,BR-RO,6657,6657,0
Brazil,Rondonia,2021-01-31,BR,BR-RO,13888,13888,0
Brazil,Rondonia,2021-02-01,BR,BR-RO,17493,17493,0
Brazil,Rondonia,2021-02-02,BR,BR-RO,18595,18595,0
Brazil,Rondonia,2021-02-03,BR,BR-RO,19401,19401,0
Brazil,Rondonia,2021-02-04,BR,BR-RO,22485,22485,0
Brazil,Rondonia,2021-02-05,BR,BR-RO,25019,25019,0
Brazil,Rondonia,2021-02-06,BR,BR-RO,25186,25186,0
Brazil,Rondonia,2021-02-07,BR,BR-RO,25300,25300,0
Brazil,Rondonia,2021-02-08,BR,BR-RO,27496,27496,0
Brazil,Rondonia,2021-02-09,BR,BR-RO,29371,29371,0
Brazil,Rondonia,2021-02-10,BR,BR-RO,31193,31193,0
Brazil,Rondonia,2021-02-11,BR,BR-RO,33058,33058,0
Brazil,Rondonia,2021-02-12,BR,BR-RO,35276,35276,0
Brazil,Rondonia,2021-02-13,BR,BR-RO,35584,35584,0
Brazil,Rondonia,2021-02-15,BR,BR-RO,36537,36438,99
Brazil,Rondonia,2021-02-16,BR,BR-RO,37622,37502,120
Brazil,Rondonia,2021-02-17,BR,BR-RO,38629,38478,151
Brazil,Rondonia,2021-02-18,BR,BR-RO,41314,40372,942
Brazil,Rondonia,2021-02-19,BR,BR-RO,44051,42245,1806
Brazil,Rondonia,2021-02-20,BR,BR-RO,45674,42768,2906
Brazil,Rondonia,2021-02-22,BR,BR-RO,47239,43407,3832
Brazil,Rondonia,2021-02-23,BR,BR-RO,48383,43939,4444
Brazil,Rondonia,2021-02-24,BR,BR-RO,50713,45293,5420
Brazil,Rondonia,2021-02-25,BR,BR-RO,52468,46295,6173
Brazil,Rondonia,2021-02-26,BR,BR-RO,54316,47351,6965
Brazil,Rondonia,2021-02-27,BR,BR-RO,54712,47420,7292
Brazil,Roraima,2021-01-18,BR,BR-RR,0,0,0
Brazil,Roraima,2021-01-19,BR,BR-RR,3,3,0
Brazil,Roraima,2021-01-20,BR,BR-RR,28,28,0
Brazil,Roraima,2021-01-26,BR,BR-RR,4300,4300,0
Brazil,Roraima,2021-01-29,BR,BR-RR,9037,9037,0
Brazil,Roraima,2021-01-31,BR,BR-RR,10715,10715,0
Brazil,Roraima,2021-02-02,BR,BR-RR,12645,12645,0
Brazil,Roraima,2021-02-03,BR,BR-RR,13419,13419,0
Brazil,Roraima,2021-02-04,BR,BR-RR,14131,14131,0
Brazil,Roraima,2021-02-05,BR,BR-RR,14775,14775,0
Brazil,Roraima,2021-02-09,BR,BR-RR,17896,17896,0
Brazil,Roraima,2021-02-10,BR,BR-RR,19884,19884,0
Brazil,Roraima,2021-02-11,BR,BR-RR,20580,20580,0
Brazil,Roraima,2021-02-12,BR,BR-RR,22446,22446,0
Brazil,Roraima,2021-02-15,BR,BR-RR,25242,23272,1970
Brazil,Roraima,2021-02-16,BR,BR-RR,25412,23272,2140
Brazil,Roraima,2021-02-17,BR,BR-RR,25767,23272,2495
Brazil,Roraima,2021-02-18,BR,BR-RR,27199,24227,2972
Brazil,Roraima,2021-02-19,BR,BR-RR,29522,24900,4622
Brazil,Roraima,2021-02-22,BR,BR-RR,31491,25167,6324
Brazil,Roraima,2021-02-25,BR,BR-RR,34244,26517,7727
Brazil,Roraima,2021-02-26,BR,BR-RR,37034,27913,9121
Brazil,Santa Catarina,2021-01-18,BR,BR-SC,3,3,0
Brazil,Santa Catarina,2021-01-20,BR,BR-SC,1816,1816,0
Brazil,Santa Catarina,2021-01-22,BR,BR-SC,2930,2930,0
Brazil,Santa Catarina,2021-01-23,BR,BR-SC,3385,3385,0
Brazil,Santa Catarina,2021-01-24,BR,BR-SC,3474,3474,0
Brazil,Santa Catarina,2021-01-25,BR,BR-SC,9197,9197,0
Brazil,Santa Catarina,2021-01-26,BR,BR-SC,48733,48733,0
Brazil,Santa Catarina,2021-01-29,BR,BR-SC,56136,56136,0
Brazil,Santa Catarina,2021-02-02,BR,BR-SC,70558,70558,0
Brazil,Santa Catarina,2021-02-05,BR,BR-SC,89162,89162,0
Brazil,Santa Catarina,2021-02-09,BR,BR-SC,96985,96985,0
Brazil,Santa Catarina,2021-02-12,BR,BR-SC,129778,118646,11132
Brazil,Santa Catarina,2021-02-15,BR,BR-SC,150842,130338,20504
Brazil,Santa Catarina,2021-02-17,BR,BR-SC,176481,143754,32727
Brazil,Santa Catarina,2021-02-19,BR,BR-SC,192710,150761,41949
Brazil,Santa Catarina,2021-02-20,BR,BR-SC,192740,150791,41949
Brazil,Santa Catarina,2021-02-22,BR,BR-SC,204132,156827,47305
Brazil,Santa Catarina,2021-02-24,BR,BR-SC,211772,159697,52075
Brazil,Santa Catarina,2021-02-26,BR,BR-SC,218597,162829,55768
Brazil,Sao Paulo,2021-01-18,BR,BR-SP,1030,1030,0
Brazil,Sao Paulo,2021-01-19,BR,BR-SP,8470,8470,0
Brazil,Sao Paulo,2021-01-20,BR,BR-SP,22701,22701,0
Brazil,Sao Paulo,2021-01-21,BR,BR-SP,55007,55007,0
Brazil,Sao Paulo,2021-01-22,BR,BR-SP,107177,107177,0
Brazil,Sao Paulo,2021-01-23,BR,BR-SP,124130,124130,0
Brazil,Sao Paulo,2021-01-24,BR,BR-SP,130819,130819,0
Brazil,Sao Paulo,2021-01-25,BR,BR-SP,153059,153059,0
Brazil,Sao Paulo,2021-01-26,BR,BR-SP,198021,198021,0
Brazil,Sao Paulo,2021-01-27,BR,BR-SP,237463,237463,0
Brazil,Sao Paulo,2021-01-28,BR,BR-SP,309426,309426,0
Brazil,Sao Paulo,2021-01-29,BR,BR-SP,365648,365648,0
Brazil,Sao Paulo,2021-01-30,BR,BR-SP,387944,387944,0
Brazil,Sao Paulo,2021-01-31,BR,BR-SP,393874,393874,0
Brazil,Sao Paulo,2021-02-01,BR,BR-SP,450276,450276,0
Brazil,Sao Paulo,2021-02-02,BR,BR-SP,510621,510621,0
Brazil,Sao Paulo,2021-02-03,BR,BR-SP,582112,582112,0
Brazil,Sao Paulo,2021-02-04,BR,BR-SP,663517,663517,0
Brazil,Sao Paulo,2021-02-05,BR,BR-SP,749188,749188,0
Brazil,Sao Paulo,2021-02-06,BR,BR-SP,789622,789622,0
Brazil,Sao Paulo,2021-02-07,BR,BR-SP,803590,803590,0
Brazil,Sao Paulo,2021-02-08,BR,BR-SP,906774,906774,0
Brazil,Sao Paulo,2021-02-09,BR,BR-SP,1019334,1019334,0
Brazil,Sao Paulo,2021-02-10,BR,BR-SP,1105683,1105683,0
Brazil,Sao Paulo,2021-02-11,BR,BR-SP,1233108,1233108,0
Brazil,Sao Paulo,2021-02-12,BR,BR-SP,1391982,1391981,1
Brazil,Sao Paulo,2021-02-13,BR,BR-SP,1434880,1434879,1
Brazil,Sao Paulo,2021-02-14,BR,BR-SP,1451542,1451541,1
Brazil,Sao Paulo,2021-02-15,BR,BR-SP,1572136,1572135,1
Brazil,Sao Paulo,2021-02-16,BR,BR-SP,1682384,1464160,218224
Brazil,Sao Paulo,2021-02-17,BR,BR-SP,1786617,1514743,271874
Brazil,Sao Paulo,2021-02-18,BR,BR-SP,1888866,1563845,325021
Brazil,Sao Paulo,2021-02-19,BR,BR-SP,1970833,1605016,365817
Brazil,Sao Paulo,2021-02-20,BR,BR-SP,1994458,1620937,373521
Brazil,Sao Paulo,2021-02-21,BR,BR-SP,2001442,1625875,375567
Brazil,Sao Paulo,2021-02-22,BR,BR-SP,2068091,1663599,404492
Brazil,Sao Paulo,2021-02-23,BR,BR-SP,2126381,1695877,430504
Brazil,Sao Paulo,2021-02-24,BR,BR-SP,2176652,1723373,453279
Brazil,Sao Paulo,2021-02-25,BR,BR-SP,2221454,1747143,474311
Brazil,Sao Paulo,2021-02-26,BR,BR-SP,2275183,1768523,506660
Brazil,Sao Paulo,2021-02-27,BR,BR-SP,2330267,1815146,515121
Brazil,Sergipe,2021-01-18,BR,BR-SE,0,0,0
Brazil,Sergipe,2021-01-19,BR,BR-SE,364,364,0
Brazil,Sergipe,2021-01-24,BR,BR-SE,4115,4115,0
Brazil,Sergipe,2021-01-25,BR,BR-SE,4992,4992,0
Brazil,Sergipe,2021-01-27,BR,BR-SE,15376,15376,0
Brazil,Sergipe,2021-01-29,BR,BR-SE,23533,23533,0
Brazil,Sergipe,2021-01-30,BR,BR-SE,18957,18957,0
Brazil,Sergipe,2021-02-02,BR,BR-SE,22461,22461,0
Brazil,Sergipe,2021-02-03,BR,BR-SE,23579,23579,0
Brazil,Sergipe,2021-02-04,BR,BR-SE,25415,25415,0
Brazil,Sergipe,2021-02-05,BR,BR-SE,26393,26393,0
Brazil,Sergipe,2021-02-08,BR,BR-SE,29086,29086,0
Brazil,Sergipe,2021-02-09,BR,BR-SE,29790,29517,273
Brazil,Sergipe,2021-02-10,BR,BR-SE,33964,32138,1826
Brazil,Sergipe,2021-02-12,BR,BR-SE,43084,37843,5241
Brazil,Sergipe,2021-02-14,BR,BR-SE,50601,38817,11784
Brazil,Sergipe,2021-02-15,BR,BR-SE,52273,39617,12656
Brazil,Sergipe,2021-02-16,BR,BR-SE,53941,40185,13756
Brazil,Sergipe,2021-02-17,BR,BR-SE,55573,41038,14535
Brazil,Sergipe,2021-02-18,BR,BR-SE,70232,41973,28259
Brazil,Sergipe,2021-02-19,BR,BR-SE,61080,42702,18378
Brazil,Sergipe,2021-02-22,BR,BR-SE,63410,43593,19817
Brazil,Sergipe,2021-02-23,BR,BR-SE,65243,44264,20979
Brazil,Sergipe,2021-02-24,BR,BR-SE,66784,44802,21982
Brazil,Sergipe,2021-02-25,BR,BR-SE,67582,45253,22329
Brazil,Sergipe,2021-02-26,BR,BR-SE,70356,45733,24623
Brazil,Tocantins,2021-01-18,BR,BR-TO,3,3,0
Brazil,Tocantins,2021-01-25,BR,BR-TO,220,220,0
Brazil,Tocantins,2021-01-27,BR,BR-TO,452,452,0
Brazil,Tocantins,2021-01-28,BR,BR-TO,1890,1890,0
Brazil,Tocantins,2021-01-29,BR,BR-TO,6994,6994,0
Brazil,Tocantins,2021-02-01,BR,BR-TO,9408,9408,0
Brazil,Tocantins,2021-02-02,BR,BR-TO,9862,9862,0
Brazil,Tocantins,2021-02-03,BR,BR-TO,10683,10683,0
Brazil,Tocantins,2021-02-04,BR,BR-TO,11995,11995,0
Brazil,Tocantins,2021-02-05,BR,BR-TO,14145,14145,0
Brazil,Tocantins,2021-02-09,BR,BR-TO,18048,18048,0
Brazil,Tocantins,2021-02-10,BR,BR-TO,20381,20381,0
Brazil,Tocantins,2021-02-11,BR,BR-TO,22161,22161,0
Brazil,Tocantins,2021-02-12,BR,BR-TO,24198,24198,0
Brazil,Tocantins,2021-02-15,BR,BR-TO,27816,27816,0
Brazil,Tocantins,2021-02-16,BR,BR-TO,29346,28849,497
Brazil,Tocantins,2021-02-17,BR,BR-TO,29439,29144,295
Brazil,Tocantins,2021-02-19,BR,BR-TO,30255,29217,1038
Brazil,Tocantins,2021-02-22,BR,BR-TO,37414,34694,2720
Brazil,Tocantins,2021-02-23,BR,BR-TO,41075,37129,3946
Brazil,Tocantins,2021-02-24,BR,BR-TO,44878,39826,5052
Brazil,Tocantins,2021-02-25,BR,BR-TO,50633,43203,7430
Brazil,Tocantins,2021-02-26,BR,BR-TO,52436,44028,8408
