date,location,region,total_vaccinations,people_vaccinated,people_fully_vaccinated,Unnamed: 0
2021-01-15,Austria,Burgenland,3095,,,
2021-01-16,Austria,Burgenland,3095,,,
2021-01-17,Austria,Burgenland,3450,,,
2021-01-15,Austria,Kärnten,5770,,,
2021-01-16,Austria,Kärnten,7270,,,
2021-01-17,Austria,Kärnten,7270,,,
2021-01-15,Austria,Niederösterreich,14960,,,
2021-01-16,Austria,Niederösterreich,15180,,,
2021-01-17,Austria,Niederösterreich,15905,,,
2021-01-15,Austria,Oberösterreich,9685,,,
2021-01-16,Austria,Oberösterreich,9675,,,
2021-01-17,Austria,Oberösterreich,10725,,,
2021-01-15,Austria,Salzburg,6015,,,
2021-01-16,Austria,Salzburg,6355,,,
2021-01-17,Austria,Salzburg,6735,,,
2021-01-15,Austria,Steiermark,13685,,,
2021-01-16,Austria,Steiermark,14035,,,
2021-01-17,Austria,Steiermark,14730,,,
2021-01-15,Austria,Tirol,9130,,,
2021-01-16,Austria,Tirol,9355,,,
2021-01-17,Austria,Tirol,9355,,,
2021-01-15,Austria,Vorarlberg,8725,,,
2021-01-16,Austria,Vorarlberg,8915,,,
2021-01-17,Austria,Vorarlberg,9425,,,
2021-01-15,Austria,Wien,13315,,,
2021-01-16,Austria,Wien,13315,,,
2021-01-17,Austria,Wien,25195,,,
2020-12-28,Belgium,Brussels,70,,,
2021-01-05,Belgium,Brussels,1910,,,
2021-01-06,Belgium,Brussels,2935,,,
2021-01-07,Belgium,Brussels,4050,,,
2021-01-12,Belgium,Brussels,10395,,,
2020-12-27,Belgium,Flanders,315,,,
2021-01-08,Belgium,Flanders,8929,,,
2021-01-11,Belgium,Flanders,12979,,,
2021-01-12,Belgium,Flanders,20884,,,
2021-01-13,Belgium,Flanders,31503,,,
2021-01-14,Belgium,Flanders,44731,,,
2021-01-15,Belgium,Flanders,60740,,,
2021-01-16,Belgium,Flanders,65168,,,
2021-01-17,Belgium,Flanders,65768,,,
2020-12-27,Belgium,Wallonia,315,,,
2021-01-10,Belgium,Wallonia,13842,,,
2021-01-14,Belgium,Wallonia,21711,,,
2021-01-16,Bulgaria,Благоевград,630,,,0.0
2021-01-16,Bulgaria,Бургас,897,,,1.0
2021-01-16,Bulgaria,Варна,1382,,,2.0
2021-01-16,Bulgaria,Велико Търново,555,,,3.0
2021-01-16,Bulgaria,Видин,175,,,4.0
2021-01-16,Bulgaria,Враца,406,,,5.0
2021-01-16,Bulgaria,Габрово,303,,,6.0
2021-01-16,Bulgaria,Добрич,353,,,7.0
2021-01-16,Bulgaria,Кърджали,234,,,8.0
2021-01-16,Bulgaria,Кюстендил,298,,,9.0
2021-01-16,Bulgaria,Ловеч,307,,,10.0
2021-01-16,Bulgaria,Монтана,315,,,11.0
2021-01-16,Bulgaria,Общо,18332,,,28.0
2021-01-16,Bulgaria,Пазарджик,585,,,12.0
2021-01-16,Bulgaria,Перник,260,,,13.0
2021-01-16,Bulgaria,Плевен,811,,,14.0
2021-01-16,Bulgaria,Пловдив,2171,,,15.0
2021-01-16,Bulgaria,Разград,280,,,16.0
2021-01-16,Bulgaria,Русе,585,,,17.0
2021-01-16,Bulgaria,Силистра,228,,,18.0
2021-01-16,Bulgaria,Сливен,370,,,19.0
2021-01-16,Bulgaria,Смолян,201,,,20.0
2021-01-16,Bulgaria,София,494,,,21.0
2021-01-16,Bulgaria,София (столица),4556,,,22.0
2021-01-16,Bulgaria,Стара Загора,620,,,23.0
2021-01-16,Bulgaria,Търговище,246,,,24.0
2021-01-16,Bulgaria,Хасково,405,,,25.0
2021-01-16,Bulgaria,Шумен,387,,,26.0
2021-01-16,Bulgaria,Ямбол,278,,,27.0
2020-12-14,Canada,Alberta,0,,,
2020-12-15,Canada,Alberta,20,,,
2020-12-16,Canada,Alberta,20,,,
2020-12-17,Canada,Alberta,394,,,
2020-12-18,Canada,Alberta,394,,,
2020-12-19,Canada,Alberta,394,,,
2020-12-20,Canada,Alberta,2148,,,
2020-12-21,Canada,Alberta,2148,,,
2020-12-22,Canada,Alberta,3074,,,
2020-12-23,Canada,Alberta,3636,,,
2020-12-24,Canada,Alberta,4711,,,
2020-12-25,Canada,Alberta,4711,,,
2020-12-26,Canada,Alberta,4711,,,
2020-12-27,Canada,Alberta,4711,,,
2020-12-28,Canada,Alberta,6016,,,
2020-12-29,Canada,Alberta,6502,,,
2020-12-30,Canada,Alberta,8544,,,
2020-12-31,Canada,Alberta,11102,,,
2021-01-01,Canada,Alberta,14244,,,
2021-01-02,Canada,Alberta,17244,,,
2021-01-03,Canada,Alberta,17244,,,
2021-01-04,Canada,Alberta,22861,,,
2021-01-05,Canada,Alberta,26269,,,
2021-01-06,Canada,Alberta,30033,,,
2021-01-07,Canada,Alberta,33864,,,
2021-01-08,Canada,Alberta,37686,,,
2021-01-09,Canada,Alberta,42333,,,
2021-01-10,Canada,Alberta,44994,,,
2021-01-11,Canada,Alberta,46791,,,
2021-01-12,Canada,Alberta,52318,,,
2021-01-13,Canada,Alberta,58144,,,
2021-01-14,Canada,Alberta,66953,,,
2021-01-15,Canada,Alberta,74110,,,
2021-01-16,Canada,Alberta,81561,,,
2020-12-14,Canada,BC,0,,,
2020-12-15,Canada,BC,409,,,
2020-12-16,Canada,BC,409,,,
2020-12-17,Canada,BC,1215,,,
2020-12-18,Canada,BC,2592,,,
2020-12-19,Canada,BC,2592,,,
2020-12-20,Canada,BC,2592,,,
2020-12-21,Canada,BC,3644,,,
2020-12-22,Canada,BC,4108,,,
2020-12-23,Canada,BC,5603,,,
2020-12-24,Canada,BC,8178,,,
2020-12-25,Canada,BC,8178,,,
2020-12-26,Canada,BC,8178,,,
2020-12-27,Canada,BC,8178,,,
2020-12-28,Canada,BC,8178,,,
2020-12-29,Canada,BC,11930,,,
2020-12-30,Canada,BC,14027,,,
2020-12-31,Canada,BC,17510,,,
2021-01-01,Canada,BC,17510,,,
2021-01-02,Canada,BC,17510,,,
2021-01-03,Canada,BC,17510,,,
2021-01-04,Canada,BC,24139,,,
2021-01-05,Canada,BC,28209,,,
2021-01-06,Canada,BC,33665,,,
2021-01-07,Canada,BC,41064,,,
2021-01-08,Canada,BC,46259,,,
2021-01-09,Canada,BC,46259,,,
2021-01-10,Canada,BC,46259,,,
2021-01-11,Canada,BC,59902,,,
2021-01-12,Canada,BC,62294,,,
2021-01-13,Canada,BC,63430,,,
2021-01-14,Canada,BC,69746,,,
2021-01-15,Canada,BC,75914,,,
2021-01-16,Canada,BC,75914,,,
2020-12-14,Canada,Manitoba,0,,,
2020-12-15,Canada,Manitoba,0,,,
2020-12-16,Canada,Manitoba,302,,,
2020-12-17,Canada,Manitoba,302,,,
2020-12-18,Canada,Manitoba,593,,,
2020-12-19,Canada,Manitoba,593,,,
2020-12-20,Canada,Manitoba,593,,,
2020-12-21,Canada,Manitoba,894,,,
2020-12-22,Canada,Manitoba,1192,,,
2020-12-23,Canada,Manitoba,1687,,,
2020-12-24,Canada,Manitoba,2177,,,
2020-12-25,Canada,Manitoba,2177,,,
2020-12-26,Canada,Manitoba,2177,,,
2020-12-27,Canada,Manitoba,2177,,,
2020-12-28,Canada,Manitoba,2177,,,
2020-12-29,Canada,Manitoba,2477,,,
2020-12-30,Canada,Manitoba,2900,,,
2020-12-31,Canada,Manitoba,3400,,,
2021-01-01,Canada,Manitoba,3400,,,
2021-01-02,Canada,Manitoba,3432,,,
2021-01-03,Canada,Manitoba,3432,,,
2021-01-04,Canada,Manitoba,3442,,,
2021-01-05,Canada,Manitoba,4292,,,
2021-01-06,Canada,Manitoba,5165,,,
2021-01-07,Canada,Manitoba,6328,,,
2021-01-08,Canada,Manitoba,7484,,,
2021-01-09,Canada,Manitoba,8674,,,
2021-01-10,Canada,Manitoba,9498,,,
2021-01-11,Canada,Manitoba,10353,,,
2021-01-12,Canada,Manitoba,10353,,,
2021-01-13,Canada,Manitoba,12409,,,
2021-01-14,Canada,Manitoba,12409,,,
2021-01-15,Canada,Manitoba,13539,,,
2021-01-16,Canada,Manitoba,13539,,,
2020-12-14,Canada,NL,0,,,
2020-12-15,Canada,NL,0,,,
2020-12-16,Canada,NL,2,,,
2020-12-17,Canada,NL,15,,,
2020-12-18,Canada,NL,175,,,
2020-12-19,Canada,NL,175,,,
2020-12-20,Canada,NL,175,,,
2020-12-21,Canada,NL,972,,,
2020-12-22,Canada,NL,972,,,
2020-12-23,Canada,NL,1785,,,
2020-12-24,Canada,NL,1785,,,
2020-12-25,Canada,NL,1785,,,
2020-12-26,Canada,NL,1785,,,
2020-12-27,Canada,NL,1785,,,
2020-12-28,Canada,NL,1785,,,
2020-12-29,Canada,NL,1785,,,
2020-12-30,Canada,NL,1785,,,
2020-12-31,Canada,NL,1785,,,
2021-01-01,Canada,NL,1785,,,
2021-01-02,Canada,NL,1785,,,
2021-01-03,Canada,NL,1785,,,
2021-01-04,Canada,NL,1785,,,
2021-01-05,Canada,NL,1785,,,
2021-01-06,Canada,NL,1785,,,
2021-01-07,Canada,NL,1785,,,
2021-01-08,Canada,NL,1785,,,
2021-01-09,Canada,NL,1785,,,
2021-01-10,Canada,NL,1785,,,
2021-01-11,Canada,NL,3760,,,
2021-01-12,Canada,NL,3760,,,
2021-01-13,Canada,NL,5291,,,
2021-01-14,Canada,NL,5291,,,
2021-01-15,Canada,NL,5291,,,
2021-01-16,Canada,NL,5291,,,
2020-12-14,Canada,NWT,0,,,
2020-12-15,Canada,NWT,0,,,
2020-12-16,Canada,NWT,0,,,
2020-12-17,Canada,NWT,0,,,
2020-12-18,Canada,NWT,0,,,
2020-12-19,Canada,NWT,0,,,
2020-12-20,Canada,NWT,0,,,
2020-12-21,Canada,NWT,0,,,
2020-12-22,Canada,NWT,0,,,
2020-12-23,Canada,NWT,0,,,
2020-12-24,Canada,NWT,0,,,
2020-12-25,Canada,NWT,0,,,
2020-12-26,Canada,NWT,0,,,
2020-12-27,Canada,NWT,0,,,
2020-12-28,Canada,NWT,0,,,
2020-12-29,Canada,NWT,0,,,
2020-12-30,Canada,NWT,0,,,
2020-12-31,Canada,NWT,2,,,
2021-01-01,Canada,NWT,2,,,
2021-01-02,Canada,NWT,2,,,
2021-01-03,Canada,NWT,2,,,
2021-01-04,Canada,NWT,2,,,
2021-01-05,Canada,NWT,130,,,
2021-01-06,Canada,NWT,130,,,
2021-01-07,Canada,NWT,130,,,
2021-01-08,Canada,NWT,162,,,
2021-01-09,Canada,NWT,162,,,
2021-01-10,Canada,NWT,162,,,
2021-01-11,Canada,NWT,162,,,
2021-01-12,Canada,NWT,512,,,
2021-01-13,Canada,NWT,512,,,
2021-01-14,Canada,NWT,512,,,
2021-01-15,Canada,NWT,512,,,
2021-01-16,Canada,NWT,512,,,
2020-12-14,Canada,New Brunswick,0,,,
2020-12-15,Canada,New Brunswick,0,,,
2020-12-16,Canada,New Brunswick,0,,,
2020-12-17,Canada,New Brunswick,0,,,
2020-12-18,Canada,New Brunswick,0,,,
2020-12-19,Canada,New Brunswick,5,,,
2020-12-20,Canada,New Brunswick,5,,,
2020-12-21,Canada,New Brunswick,1871,,,
2020-12-22,Canada,New Brunswick,1871,,,
2020-12-23,Canada,New Brunswick,1871,,,
2020-12-24,Canada,New Brunswick,1871,,,
2020-12-25,Canada,New Brunswick,1871,,,
2020-12-26,Canada,New Brunswick,1871,,,
2020-12-27,Canada,New Brunswick,1871,,,
2020-12-28,Canada,New Brunswick,2905,,,
2020-12-29,Canada,New Brunswick,2905,,,
2020-12-30,Canada,New Brunswick,2905,,,
2020-12-31,Canada,New Brunswick,2905,,,
2021-01-01,Canada,New Brunswick,2905,,,
2021-01-02,Canada,New Brunswick,2905,,,
2021-01-03,Canada,New Brunswick,2905,,,
2021-01-04,Canada,New Brunswick,2905,,,
2021-01-05,Canada,New Brunswick,2905,,,
2021-01-06,Canada,New Brunswick,4105,,,
2021-01-07,Canada,New Brunswick,5019,,,
2021-01-08,Canada,New Brunswick,5019,,,
2021-01-09,Canada,New Brunswick,5019,,,
2021-01-10,Canada,New Brunswick,5019,,,
2021-01-11,Canada,New Brunswick,7732,,,
2021-01-12,Canada,New Brunswick,7732,,,
2021-01-13,Canada,New Brunswick,7732,,,
2021-01-14,Canada,New Brunswick,7732,,,
2021-01-15,Canada,New Brunswick,7732,,,
2021-01-16,Canada,New Brunswick,7732,,,
2020-12-14,Canada,Nova Scotia,0,,,
2020-12-15,Canada,Nova Scotia,0,,,
2020-12-16,Canada,Nova Scotia,376,,,
2020-12-17,Canada,Nova Scotia,376,,,
2020-12-18,Canada,Nova Scotia,376,,,
2020-12-19,Canada,Nova Scotia,376,,,
2020-12-20,Canada,Nova Scotia,376,,,
2020-12-21,Canada,Nova Scotia,1463,,,
2020-12-22,Canada,Nova Scotia,1463,,,
2020-12-23,Canada,Nova Scotia,1463,,,
2020-12-24,Canada,Nova Scotia,1463,,,
2020-12-25,Canada,Nova Scotia,1463,,,
2020-12-26,Canada,Nova Scotia,1463,,,
2020-12-27,Canada,Nova Scotia,1463,,,
2020-12-28,Canada,Nova Scotia,1463,,,
2020-12-29,Canada,Nova Scotia,2290,,,
2020-12-30,Canada,Nova Scotia,2596,,,
2020-12-31,Canada,Nova Scotia,2596,,,
2021-01-01,Canada,Nova Scotia,2596,,,
2021-01-02,Canada,Nova Scotia,2720,,,
2021-01-03,Canada,Nova Scotia,2720,,,
2021-01-04,Canada,Nova Scotia,2720,,,
2021-01-05,Canada,Nova Scotia,2720,,,
2021-01-06,Canada,Nova Scotia,2720,,,
2021-01-07,Canada,Nova Scotia,2720,,,
2021-01-08,Canada,Nova Scotia,2720,,,
2021-01-09,Canada,Nova Scotia,3831,,,
2021-01-10,Canada,Nova Scotia,3831,,,
2021-01-11,Canada,Nova Scotia,3831,,,
2021-01-12,Canada,Nova Scotia,3831,,,
2021-01-13,Canada,Nova Scotia,3831,,,
2021-01-14,Canada,Nova Scotia,3831,,,
2021-01-15,Canada,Nova Scotia,7600,,,
2021-01-16,Canada,Nova Scotia,7600,,,
2020-12-14,Canada,Nunavut,0,,,
2020-12-15,Canada,Nunavut,0,,,
2020-12-16,Canada,Nunavut,0,,,
2020-12-17,Canada,Nunavut,0,,,
2020-12-18,Canada,Nunavut,0,,,
2020-12-19,Canada,Nunavut,0,,,
2020-12-20,Canada,Nunavut,0,,,
2020-12-21,Canada,Nunavut,0,,,
2020-12-22,Canada,Nunavut,0,,,
2020-12-23,Canada,Nunavut,0,,,
2020-12-24,Canada,Nunavut,0,,,
2020-12-25,Canada,Nunavut,0,,,
2020-12-26,Canada,Nunavut,0,,,
2020-12-27,Canada,Nunavut,0,,,
2020-12-28,Canada,Nunavut,0,,,
2020-12-29,Canada,Nunavut,0,,,
2020-12-30,Canada,Nunavut,0,,,
2020-12-31,Canada,Nunavut,0,,,
2021-01-01,Canada,Nunavut,0,,,
2021-01-02,Canada,Nunavut,0,,,
2021-01-03,Canada,Nunavut,0,,,
2021-01-04,Canada,Nunavut,0,,,
2021-01-05,Canada,Nunavut,0,,,
2021-01-06,Canada,Nunavut,29,,,
2021-01-07,Canada,Nunavut,29,,,
2021-01-08,Canada,Nunavut,29,,,
2021-01-09,Canada,Nunavut,29,,,
2021-01-10,Canada,Nunavut,29,,,
2021-01-11,Canada,Nunavut,29,,,
2021-01-12,Canada,Nunavut,29,,,
2021-01-13,Canada,Nunavut,400,,,
2021-01-14,Canada,Nunavut,521,,,
2021-01-15,Canada,Nunavut,983,,,
2021-01-16,Canada,Nunavut,983,,,
2020-12-14,Canada,Ontario,5,,,
2020-12-15,Canada,Ontario,431,,,
2020-12-16,Canada,Ontario,975,,,
2020-12-17,Canada,Ontario,1916,,,
2020-12-18,Canada,Ontario,2300,,,
2020-12-19,Canada,Ontario,2859,,,
2020-12-20,Canada,Ontario,2987,,,
2020-12-21,Canada,Ontario,3409,,,
2020-12-22,Canada,Ontario,5250,,,
2020-12-23,Canada,Ontario,8718,,,
2020-12-24,Canada,Ontario,10756,,,
2020-12-25,Canada,Ontario,11058,,,
2020-12-26,Canada,Ontario,11058,,,
2020-12-27,Canada,Ontario,11227,,,
2020-12-28,Canada,Ontario,13200,,,
2020-12-29,Canada,Ontario,18048,,,
2020-12-30,Canada,Ontario,18603,,,
2020-12-31,Canada,Ontario,23502,,,
2021-01-01,Canada,Ontario,28875,,,
2021-01-02,Canada,Ontario,33191,,,
2021-01-03,Canada,Ontario,37551,,,
2021-01-04,Canada,Ontario,42419,,,
2021-01-05,Canada,Ontario,50030,,,
2021-01-06,Canada,Ontario,60380,,,
2021-01-07,Canada,Ontario,72631,,,
2021-01-08,Canada,Ontario,87563,,,
2021-01-09,Canada,Ontario,103263,,,
2021-01-10,Canada,Ontario,113246,,,
2021-01-11,Canada,Ontario,122105,,,
2021-01-12,Canada,Ontario,133553,,,
2021-01-13,Canada,Ontario,144784,,,
2021-01-14,Canada,Ontario,159021,,,
2021-01-15,Canada,Ontario,174630,,,
2021-01-16,Canada,Ontario,189090,,,
2020-12-14,Canada,PEI,0,,,
2020-12-15,Canada,PEI,0,,,
2020-12-16,Canada,PEI,140,,,
2020-12-17,Canada,PEI,344,,,
2020-12-18,Canada,PEI,344,,,
2020-12-19,Canada,PEI,344,,,
2020-12-20,Canada,PEI,344,,,
2020-12-21,Canada,PEI,344,,,
2020-12-22,Canada,PEI,1500,,,
2020-12-23,Canada,PEI,1500,,,
2020-12-24,Canada,PEI,1500,,,
2020-12-25,Canada,PEI,1500,,,
2020-12-26,Canada,PEI,1500,,,
2020-12-27,Canada,PEI,1500,,,
2020-12-28,Canada,PEI,1500,,,
2020-12-29,Canada,PEI,1500,,,
2020-12-30,Canada,PEI,1500,,,
2020-12-31,Canada,PEI,1950,,,
2021-01-01,Canada,PEI,1950,,,
2021-01-02,Canada,PEI,1950,,,
2021-01-03,Canada,PEI,1950,,,
2021-01-04,Canada,PEI,1950,,,
2021-01-05,Canada,PEI,2120,,,
2021-01-06,Canada,PEI,2120,,,
2021-01-07,Canada,PEI,2120,,,
2021-01-08,Canada,PEI,3600,,,
2021-01-09,Canada,PEI,3600,,,
2021-01-10,Canada,PEI,3600,,,
2021-01-11,Canada,PEI,3600,,,
2021-01-12,Canada,PEI,4226,,,
2021-01-13,Canada,PEI,4226,,,
2021-01-14,Canada,PEI,5102,,,
2021-01-15,Canada,PEI,5102,,,
2021-01-16,Canada,PEI,5102,,,
2020-12-14,Canada,Quebec,292,,,
2020-12-15,Canada,Quebec,292,,,
2020-12-16,Canada,Quebec,1448,,,
2020-12-17,Canada,Quebec,2389,,,
2020-12-18,Canada,Quebec,3290,,,
2020-12-19,Canada,Quebec,4005,,,
2020-12-20,Canada,Quebec,4721,,,
2020-12-21,Canada,Quebec,4836,,,
2020-12-22,Canada,Quebec,5338,,,
2020-12-23,Canada,Quebec,7229,,,
2020-12-24,Canada,Quebec,11171,,,
2020-12-25,Canada,Quebec,11171,,,
2020-12-26,Canada,Quebec,14190,,,
2020-12-27,Canada,Quebec,17582,,,
2020-12-28,Canada,Quebec,20439,,,
2020-12-29,Canada,Quebec,20941,,,
2020-12-30,Canada,Quebec,23680,,,
2020-12-31,Canada,Quebec,27622,,,
2021-01-01,Canada,Quebec,27622,,,
2021-01-02,Canada,Quebec,27964,,,
2021-01-03,Canada,Quebec,28762,,,
2021-01-04,Canada,Quebec,30473,,,
2021-01-05,Canada,Quebec,32763,,,
2021-01-06,Canada,Quebec,38984,,,
2021-01-07,Canada,Quebec,48632,,,
2021-01-08,Canada,Quebec,62602,,,
2021-01-09,Canada,Quebec,75123,,,
2021-01-10,Canada,Quebec,84387,,,
2021-01-11,Canada,Quebec,92452,,,
2021-01-12,Canada,Quebec,99510,,,
2021-01-13,Canada,Quebec,107365,,,
2021-01-14,Canada,Quebec,115704,,,
2021-01-15,Canada,Quebec,127073,,,
2021-01-16,Canada,Quebec,137856,,,
2020-12-14,Canada,Saskatchewan,0,,,
2020-12-15,Canada,Saskatchewan,11,,,
2020-12-16,Canada,Saskatchewan,11,,,
2020-12-17,Canada,Saskatchewan,250,,,
2020-12-18,Canada,Saskatchewan,551,,,
2020-12-19,Canada,Saskatchewan,551,,,
2020-12-20,Canada,Saskatchewan,551,,,
2020-12-21,Canada,Saskatchewan,1285,,,
2020-12-22,Canada,Saskatchewan,1519,,,
2020-12-23,Canada,Saskatchewan,1597,,,
2020-12-24,Canada,Saskatchewan,1786,,,
2020-12-25,Canada,Saskatchewan,1786,,,
2020-12-26,Canada,Saskatchewan,1786,,,
2020-12-27,Canada,Saskatchewan,1786,,,
2020-12-28,Canada,Saskatchewan,1786,,,
2020-12-29,Canada,Saskatchewan,2371,,,
2020-12-30,Canada,Saskatchewan,2942,,,
2020-12-31,Canada,Saskatchewan,3458,,,
2021-01-01,Canada,Saskatchewan,3458,,,
2021-01-02,Canada,Saskatchewan,3722,,,
2021-01-03,Canada,Saskatchewan,3866,,,
2021-01-04,Canada,Saskatchewan,4013,,,
2021-01-05,Canada,Saskatchewan,4254,,,
2021-01-06,Canada,Saskatchewan,4524,,,
2021-01-07,Canada,Saskatchewan,4832,,,
2021-01-08,Canada,Saskatchewan,6015,,,
2021-01-09,Canada,Saskatchewan,6964,,,
2021-01-10,Canada,Saskatchewan,7929,,,
2021-01-11,Canada,Saskatchewan,8948,,,
2021-01-12,Canada,Saskatchewan,9880,,,
2021-01-13,Canada,Saskatchewan,10400,,,
2021-01-14,Canada,Saskatchewan,11985,,,
2021-01-15,Canada,Saskatchewan,14017,,,
2021-01-16,Canada,Saskatchewan,16927,,,
2020-12-14,Canada,Yukon,0,,,
2020-12-15,Canada,Yukon,0,,,
2020-12-16,Canada,Yukon,0,,,
2020-12-17,Canada,Yukon,0,,,
2020-12-18,Canada,Yukon,0,,,
2020-12-19,Canada,Yukon,0,,,
2020-12-20,Canada,Yukon,0,,,
2020-12-21,Canada,Yukon,0,,,
2020-12-22,Canada,Yukon,0,,,
2020-12-23,Canada,Yukon,0,,,
2020-12-24,Canada,Yukon,0,,,
2020-12-25,Canada,Yukon,0,,,
2020-12-26,Canada,Yukon,0,,,
2020-12-27,Canada,Yukon,0,,,
2020-12-28,Canada,Yukon,0,,,
2020-12-29,Canada,Yukon,0,,,
2020-12-30,Canada,Yukon,0,,,
2020-12-31,Canada,Yukon,0,,,
2021-01-01,Canada,Yukon,0,,,
2021-01-02,Canada,Yukon,0,,,
2021-01-03,Canada,Yukon,0,,,
2021-01-04,Canada,Yukon,50,,,
2021-01-05,Canada,Yukon,50,,,
2021-01-06,Canada,Yukon,50,,,
2021-01-07,Canada,Yukon,310,,,
2021-01-08,Canada,Yukon,310,,,
2021-01-09,Canada,Yukon,310,,,
2021-01-10,Canada,Yukon,310,,,
2021-01-11,Canada,Yukon,495,,,
2021-01-12,Canada,Yukon,495,,,
2021-01-13,Canada,Yukon,685,,,
2021-01-14,Canada,Yukon,685,,,
2021-01-15,Canada,Yukon,1184,,,
2021-01-16,Canada,Yukon,1184,,,
2020-12-28,Denmark,Hovedstaden,1086,1086.0,,
2020-12-29,Denmark,Hovedstaden,1445,1445.0,,
2020-12-30,Denmark,Hovedstaden,3445,3445.0,,
2020-12-31,Denmark,Hovedstaden,6321,6321.0,,
2021-01-01,Denmark,Hovedstaden,7561,7561.0,,
2021-01-02,Denmark,Hovedstaden,8874,8874.0,,
2021-01-03,Denmark,Hovedstaden,11016,11016.0,,
2021-01-04,Denmark,Hovedstaden,13534,13534.0,,
2021-01-05,Denmark,Hovedstaden,15751,15751.0,,
2021-01-06,Denmark,Hovedstaden,21127,21127.0,,
2021-01-07,Denmark,Hovedstaden,27708,27708.0,,
2021-01-08,Denmark,Hovedstaden,33805,33805.0,,
2021-01-09,Denmark,Hovedstaden,35442,35442.0,,
2021-01-10,Denmark,Hovedstaden,36133,36133.0,,
2021-01-11,Denmark,Hovedstaden,36433,36433.0,,
2021-01-12,Denmark,Hovedstaden,36857,36857.0,,
2021-01-13,Denmark,Hovedstaden,36997,36997.0,,
2021-01-14,Denmark,Hovedstaden,42631,42631.0,,
2021-01-15,Denmark,Hovedstaden,51336,51336.0,,
2021-01-16,Denmark,Hovedstaden,56633,56628.0,5.0,
2020-12-28,Denmark,Midtjylland,1459,1459.0,,
2020-12-29,Denmark,Midtjylland,1981,1981.0,,
2020-12-30,Denmark,Midtjylland,2878,2878.0,,
2020-12-31,Denmark,Midtjylland,4168,4168.0,,
2021-01-01,Denmark,Midtjylland,5252,5252.0,,
2021-01-02,Denmark,Midtjylland,5377,5377.0,,
2021-01-03,Denmark,Midtjylland,7672,7672.0,,
2021-01-04,Denmark,Midtjylland,10511,10511.0,,
2021-01-05,Denmark,Midtjylland,11029,11029.0,,
2021-01-06,Denmark,Midtjylland,13615,13615.0,,
2021-01-07,Denmark,Midtjylland,17786,17786.0,,
2021-01-08,Denmark,Midtjylland,22034,22034.0,,
2021-01-09,Denmark,Midtjylland,25552,25552.0,,
2021-01-10,Denmark,Midtjylland,26291,26291.0,,
2021-01-11,Denmark,Midtjylland,26300,26300.0,,
2021-01-12,Denmark,Midtjylland,26368,26368.0,,
2021-01-13,Denmark,Midtjylland,26395,26395.0,,
2021-01-14,Denmark,Midtjylland,28398,28398.0,,
2021-01-15,Denmark,Midtjylland,31296,31296.0,,
2021-01-16,Denmark,Midtjylland,34579,34579.0,0.0,
2020-12-28,Denmark,Nordjylland,646,646.0,,
2020-12-29,Denmark,Nordjylland,654,654.0,,
2020-12-30,Denmark,Nordjylland,1032,1032.0,,
2020-12-31,Denmark,Nordjylland,3359,3359.0,,
2021-01-01,Denmark,Nordjylland,3896,3896.0,,
2021-01-02,Denmark,Nordjylland,3902,3902.0,,
2021-01-03,Denmark,Nordjylland,5329,5329.0,,
2021-01-04,Denmark,Nordjylland,5393,5393.0,,
2021-01-05,Denmark,Nordjylland,6187,6187.0,,
2021-01-06,Denmark,Nordjylland,8292,8292.0,,
2021-01-07,Denmark,Nordjylland,11295,11295.0,,
2021-01-08,Denmark,Nordjylland,13145,13145.0,,
2021-01-09,Denmark,Nordjylland,13569,13569.0,,
2021-01-10,Denmark,Nordjylland,13602,13602.0,,
2021-01-11,Denmark,Nordjylland,13609,13609.0,,
2021-01-12,Denmark,Nordjylland,13613,13613.0,,
2021-01-13,Denmark,Nordjylland,13617,13617.0,,
2021-01-14,Denmark,Nordjylland,14150,14150.0,,
2021-01-15,Denmark,Nordjylland,14859,14859.0,,
2021-01-16,Denmark,Nordjylland,16164,16164.0,0.0,
2021-01-08,Denmark,Others,610,610.0,,
2021-01-09,Denmark,Others,376,376.0,,
2021-01-10,Denmark,Others,379,379.0,,
2021-01-11,Denmark,Others,383,383.0,,
2021-01-12,Denmark,Others,389,389.0,,
2021-01-13,Denmark,Others,395,395.0,,
2021-01-14,Denmark,Others,417,417.0,,
2021-01-15,Denmark,Others,458,458.0,,
2021-01-16,Denmark,Others,495,495.0,0.0,
2020-12-28,Denmark,Sjælland,1134,1134.0,,
2020-12-29,Denmark,Sjælland,1655,1655.0,,
2020-12-30,Denmark,Sjælland,3462,3462.0,,
2020-12-31,Denmark,Sjælland,5218,5218.0,,
2021-01-01,Denmark,Sjælland,6469,6469.0,,
2021-01-02,Denmark,Sjælland,7179,7179.0,,
2021-01-03,Denmark,Sjælland,7675,7675.0,,
2021-01-04,Denmark,Sjælland,7752,7752.0,,
2021-01-05,Denmark,Sjælland,7977,7977.0,,
2021-01-06,Denmark,Sjælland,8507,8507.0,,
2021-01-07,Denmark,Sjælland,10439,10439.0,,
2021-01-08,Denmark,Sjælland,12386,12386.0,,
2021-01-09,Denmark,Sjælland,13909,13909.0,,
2021-01-10,Denmark,Sjælland,14914,14914.0,,
2021-01-11,Denmark,Sjælland,15582,15582.0,,
2021-01-12,Denmark,Sjælland,16142,16142.0,,
2021-01-13,Denmark,Sjælland,16511,16511.0,,
2021-01-14,Denmark,Sjælland,17339,17339.0,,
2021-01-15,Denmark,Sjælland,19312,19312.0,,
2021-01-16,Denmark,Sjælland,20314,20314.0,0.0,
2020-12-28,Denmark,Syddanmark,463,463.0,,
2020-12-29,Denmark,Syddanmark,1040,1040.0,,
2020-12-30,Denmark,Syddanmark,2494,2494.0,,
2020-12-31,Denmark,Syddanmark,4829,4829.0,,
2021-01-01,Denmark,Syddanmark,6305,6305.0,,
2021-01-02,Denmark,Syddanmark,7036,7036.0,,
2021-01-03,Denmark,Syddanmark,8849,8849.0,,
2021-01-04,Denmark,Syddanmark,9785,9785.0,,
2021-01-05,Denmark,Syddanmark,10568,10568.0,,
2021-01-06,Denmark,Syddanmark,11771,11771.0,,
2021-01-07,Denmark,Syddanmark,15316,15316.0,,
2021-01-08,Denmark,Syddanmark,20112,20112.0,,
2021-01-09,Denmark,Syddanmark,23579,23579.0,,
2021-01-10,Denmark,Syddanmark,23607,23607.0,,
2021-01-11,Denmark,Syddanmark,23625,23625.0,,
2021-01-12,Denmark,Syddanmark,23735,23735.0,,
2021-01-13,Denmark,Syddanmark,24158,24158.0,,
2021-01-14,Denmark,Syddanmark,26235,26235.0,,
2021-01-15,Denmark,Syddanmark,29854,29854.0,,
2021-01-16,Denmark,Syddanmark,34148,34148.0,0.0,
2021-01-11,France,Auvergne-Rhône-Alpes,12438,,,
2021-01-12,France,Auvergne-Rhône-Alpes,18504,,,
2021-01-13,France,Auvergne-Rhône-Alpes,24979,,,
2021-01-14,France,Auvergne-Rhône-Alpes,32705,,,
2021-01-15,France,Auvergne-Rhône-Alpes,41494,,,
2021-01-16,France,Auvergne-Rhône-Alpes,43340,,,
2021-01-11,France,Bourgogne-Franche-Comté,7114,,,
2021-01-12,France,Bourgogne-Franche-Comté,9762,,,
2021-01-13,France,Bourgogne-Franche-Comté,14102,,,
2021-01-14,France,Bourgogne-Franche-Comté,18422,,,
2021-01-15,France,Bourgogne-Franche-Comté,22405,,,
2021-01-16,France,Bourgogne-Franche-Comté,24638,,,
2021-01-11,France,Bretagne,4534,,,
2021-01-12,France,Bretagne,7272,,,
2021-01-13,France,Bretagne,10574,,,
2021-01-14,France,Bretagne,13967,,,
2021-01-15,France,Bretagne,17659,,,
2021-01-16,France,Bretagne,18662,,,
2021-01-11,France,Centre-Val de Loire,4529,,,
2021-01-12,France,Centre-Val de Loire,6429,,,
2021-01-13,France,Centre-Val de Loire,8085,,,
2021-01-14,France,Centre-Val de Loire,9836,,,
2021-01-15,France,Centre-Val de Loire,12193,,,
2021-01-16,France,Centre-Val de Loire,12722,,,
2021-01-11,France,Corse,988,,,
2021-01-12,France,Corse,1094,,,
2021-01-13,France,Corse,1252,,,
2021-01-14,France,Corse,1436,,,
2021-01-15,France,Corse,1599,,,
2021-01-16,France,Corse,1757,,,
2021-01-11,France,Grand Est,11895,,,
2021-01-12,France,Grand Est,15648,,,
2021-01-13,France,Grand Est,20692,,,
2021-01-14,France,Grand Est,28256,,,
2021-01-15,France,Grand Est,35802,,,
2021-01-16,France,Grand Est,38633,,,
2021-01-11,France,Guadeloupe,96,,,
2021-01-12,France,Guadeloupe,96,,,
2021-01-13,France,Guadeloupe,197,,,
2021-01-14,France,Guadeloupe,187,,,
2021-01-15,France,Guadeloupe,345,,,
2021-01-16,France,Guadeloupe,430,,,
2021-01-11,France,Guyane,0,,,
2021-01-12,France,Guyane,0,,,
2021-01-13,France,Guyane,0,,,
2021-01-14,France,Guyane,29,,,
2021-01-15,France,Guyane,76,,,
2021-01-16,France,Guyane,117,,,
2021-01-11,France,Hauts-de-France,10190,,,
2021-01-12,France,Hauts-de-France,13280,,,
2021-01-13,France,Hauts-de-France,17763,,,
2021-01-14,France,Hauts-de-France,24870,,,
2021-01-15,France,Hauts-de-France,29895,,,
2021-01-16,France,Hauts-de-France,31474,,,
2021-01-11,France,La Réunion,0,,,
2021-01-12,France,La Réunion,0,,,
2021-01-13,France,La Réunion,0,,,
2021-01-14,France,La Réunion,0,,,
2021-01-15,France,La Réunion,305,,,
2021-01-16,France,La Réunion,305,,,
2021-01-11,France,Martinique,283,,,
2021-01-12,France,Martinique,283,,,
2021-01-13,France,Martinique,376,,,
2021-01-14,France,Martinique,452,,,
2021-01-15,France,Martinique,551,,,
2021-01-16,France,Martinique,684,,,
2021-01-11,France,Mayotte,0,,,
2021-01-12,France,Mayotte,0,,,
2021-01-13,France,Mayotte,0,,,
2021-01-14,France,Mayotte,0,,,
2021-01-15,France,Mayotte,0,,,
2021-01-16,France,Mayotte,0,,,
2021-01-11,France,Normandie,12559,,,
2021-01-12,France,Normandie,15645,,,
2021-01-13,France,Normandie,18971,,,
2021-01-14,France,Normandie,23599,,,
2021-01-15,France,Normandie,29060,,,
2021-01-16,France,Normandie,30907,,,
2021-01-11,France,Nouvelle-Aquitaine,17068,,,
2021-01-12,France,Nouvelle-Aquitaine,22376,,,
2021-01-13,France,Nouvelle-Aquitaine,28428,,,
2021-01-14,France,Nouvelle-Aquitaine,34689,,,
2021-01-15,France,Nouvelle-Aquitaine,42287,,,
2021-01-16,France,Nouvelle-Aquitaine,43949,,,
2021-01-11,France,Occitanie,12582,,,
2021-01-12,France,Occitanie,17779,,,
2021-01-13,France,Occitanie,23743,,,
2021-01-14,France,Occitanie,31897,,,
2021-01-15,France,Occitanie,39278,,,
2021-01-16,France,Occitanie,41537,,,
2021-01-11,France,Pays de la Loire,7002,,,
2021-01-12,France,Pays de la Loire,9578,,,
2021-01-13,France,Pays de la Loire,12354,,,
2021-01-14,France,Pays de la Loire,15326,,,
2021-01-15,France,Pays de la Loire,17780,,,
2021-01-16,France,Pays de la Loire,18471,,,
2021-01-11,France,Provence-Alpes-Côte d'Azur,6951,,,
2021-01-12,France,Provence-Alpes-Côte d'Azur,11392,,,
2021-01-13,France,Provence-Alpes-Côte d'Azur,14769,,,
2021-01-14,France,Provence-Alpes-Côte d'Azur,21372,,,
2021-01-15,France,Provence-Alpes-Côte d'Azur,25510,,,
2021-01-16,France,Provence-Alpes-Côte d'Azur,28408,,,
2021-01-11,France,Île-de-France,30248,,,
2021-01-12,France,Île-de-France,40696,,,
2021-01-13,France,Île-de-France,50881,,,
2021-01-14,France,Île-de-France,61173,,,
2021-01-15,France,Île-de-France,72491,,,
2021-01-16,France,Île-de-France,77012,,,
2021-01-05,Germany,Baden-Württemberg,32182,,,
2021-01-06,Germany,Baden-Württemberg,37840,,,
2021-01-07,Germany,Baden-Württemberg,42899,,,
2021-01-08,Germany,Baden-Württemberg,49103,,,
2021-01-09,Germany,Baden-Württemberg,49103,,,
2021-01-10,Germany,Baden-Württemberg,55320,,,
2021-01-11,Germany,Baden-Württemberg,65488,,,
2021-01-12,Germany,Baden-Württemberg,73776,,,
2021-01-13,Germany,Baden-Württemberg,76762,,,
2021-01-14,Germany,Baden-Württemberg,82300,,,
2021-01-15,Germany,Baden-Württemberg,92868,,,
2021-01-16,Germany,Baden-Württemberg,100163,,,
2021-01-05,Germany,Bayern,77876,,,
2021-01-06,Germany,Bayern,82749,,,
2021-01-07,Germany,Bayern,84349,,,
2021-01-08,Germany,Bayern,88916,,,
2021-01-09,Germany,Bayern,88916,,,
2021-01-10,Germany,Bayern,93966,,,
2021-01-11,Germany,Bayern,120136,,,
2021-01-12,Germany,Bayern,135986,,,
2021-01-13,Germany,Bayern,150511,,,
2021-01-14,Germany,Bayern,167915,,,
2021-01-15,Germany,Bayern,183573,,,
2021-01-16,Germany,Bayern,198607,,,
2021-01-05,Germany,Berlin,19389,,,
2021-01-06,Germany,Berlin,21955,,,
2021-01-07,Germany,Berlin,24159,,,
2021-01-08,Germany,Berlin,26406,,,
2021-01-09,Germany,Berlin,26406,,,
2021-01-10,Germany,Berlin,28871,,,
2021-01-11,Germany,Berlin,32014,,,
2021-01-12,Germany,Berlin,33798,,,
2021-01-13,Germany,Berlin,35893,,,
2021-01-14,Germany,Berlin,38408,,,
2021-01-15,Germany,Berlin,45998,,,
2021-01-16,Germany,Berlin,48544,,,
2021-01-05,Germany,Brandenburg,3334,,,
2021-01-06,Germany,Brandenburg,5404,,,
2021-01-07,Germany,Brandenburg,8182,,,
2021-01-08,Germany,Brandenburg,11481,,,
2021-01-09,Germany,Brandenburg,11481,,,
2021-01-10,Germany,Brandenburg,13895,,,
2021-01-11,Germany,Brandenburg,14063,,,
2021-01-12,Germany,Brandenburg,15091,,,
2021-01-13,Germany,Brandenburg,19590,,,
2021-01-14,Germany,Brandenburg,27102,,,
2021-01-15,Germany,Brandenburg,33263,,,
2021-01-16,Germany,Brandenburg,37993,,,
2021-01-05,Germany,Bremen,2653,,,
2021-01-06,Germany,Bremen,3195,,,
2021-01-07,Germany,Bremen,3825,,,
2021-01-08,Germany,Bremen,4505,,,
2021-01-09,Germany,Bremen,4505,,,
2021-01-10,Germany,Bremen,5291,,,
2021-01-11,Germany,Bremen,6303,,,
2021-01-12,Germany,Bremen,6999,,,
2021-01-13,Germany,Bremen,7753,,,
2021-01-14,Germany,Bremen,8890,,,
2021-01-15,Germany,Bremen,10134,,,
2021-01-16,Germany,Bremen,11033,,,
2021-01-05,Germany,Hamburg,4756,,,
2021-01-06,Germany,Hamburg,5901,,,
2021-01-07,Germany,Hamburg,7079,,,
2021-01-08,Germany,Hamburg,8471,,,
2021-01-09,Germany,Hamburg,8471,,,
2021-01-10,Germany,Hamburg,9888,,,
2021-01-11,Germany,Hamburg,12695,,,
2021-01-12,Germany,Hamburg,14273,,,
2021-01-13,Germany,Hamburg,15980,,,
2021-01-14,Germany,Hamburg,18150,,,
2021-01-15,Germany,Hamburg,19422,,,
2021-01-16,Germany,Hamburg,21951,,,
2021-01-05,Germany,Hessen,37795,,,
2021-01-06,Germany,Hessen,41298,,,
2021-01-07,Germany,Hessen,44122,,,
2021-01-08,Germany,Hessen,46006,,,
2021-01-09,Germany,Hessen,46006,,,
2021-01-10,Germany,Hessen,48653,,,
2021-01-11,Germany,Hessen,54361,,,
2021-01-12,Germany,Hessen,57475,,,
2021-01-13,Germany,Hessen,60344,,,
2021-01-14,Germany,Hessen,62171,,,
2021-01-15,Germany,Hessen,65673,,,
2021-01-16,Germany,Hessen,69925,,,
2021-01-05,Germany,Mecklenburg-Vorpommern,13832,,,
2021-01-06,Germany,Mecklenburg-Vorpommern,18014,,,
2021-01-07,Germany,Mecklenburg-Vorpommern,21713,,,
2021-01-08,Germany,Mecklenburg-Vorpommern,24060,,,
2021-01-09,Germany,Mecklenburg-Vorpommern,24060,,,
2021-01-10,Germany,Mecklenburg-Vorpommern,25141,,,
2021-01-11,Germany,Mecklenburg-Vorpommern,25141,,,
2021-01-12,Germany,Mecklenburg-Vorpommern,26926,,,
2021-01-13,Germany,Mecklenburg-Vorpommern,29100,,,
2021-01-14,Germany,Mecklenburg-Vorpommern,32998,,,
2021-01-15,Germany,Mecklenburg-Vorpommern,35355,,,
2021-01-16,Germany,Mecklenburg-Vorpommern,37570,,,
2021-01-05,Germany,Niedersachsen,8665,,,
2021-01-06,Germany,Niedersachsen,15164,,,
2021-01-07,Germany,Niedersachsen,22608,,,
2021-01-08,Germany,Niedersachsen,32170,,,
2021-01-09,Germany,Niedersachsen,32170,,,
2021-01-10,Germany,Niedersachsen,41646,,,
2021-01-11,Germany,Niedersachsen,45342,,,
2021-01-12,Germany,Niedersachsen,54168,,,
2021-01-13,Germany,Niedersachsen,63200,,,
2021-01-14,Germany,Niedersachsen,70444,,,
2021-01-15,Germany,Niedersachsen,78050,,,
2021-01-16,Germany,Niedersachsen,86035,,,
2021-01-05,Germany,Nordrhein-Westfalen,62692,,,
2021-01-06,Germany,Nordrhein-Westfalen,69225,,,
2021-01-07,Germany,Nordrhein-Westfalen,79578,,,
2021-01-08,Germany,Nordrhein-Westfalen,90802,,,
2021-01-09,Germany,Nordrhein-Westfalen,90802,,,
2021-01-10,Germany,Nordrhein-Westfalen,98950,,,
2021-01-11,Germany,Nordrhein-Westfalen,114762,,,
2021-01-12,Germany,Nordrhein-Westfalen,124637,,,
2021-01-13,Germany,Nordrhein-Westfalen,129472,,,
2021-01-14,Germany,Nordrhein-Westfalen,142066,,,
2021-01-15,Germany,Nordrhein-Westfalen,176801,,,
2021-01-16,Germany,Nordrhein-Westfalen,193857,,,
2021-01-05,Germany,Rheinland-Pfalz,9891,,,
2021-01-06,Germany,Rheinland-Pfalz,12336,,,
2021-01-07,Germany,Rheinland-Pfalz,15984,,,
2021-01-08,Germany,Rheinland-Pfalz,20792,,,
2021-01-09,Germany,Rheinland-Pfalz,20792,,,
2021-01-10,Germany,Rheinland-Pfalz,25482,,,
2021-01-11,Germany,Rheinland-Pfalz,29994,,,
2021-01-12,Germany,Rheinland-Pfalz,36466,,,
2021-01-13,Germany,Rheinland-Pfalz,45326,,,
2021-01-14,Germany,Rheinland-Pfalz,54189,,,
2021-01-15,Germany,Rheinland-Pfalz,64219,,,
2021-01-16,Germany,Rheinland-Pfalz,73749,,,
2021-01-05,Germany,Saarland,4836,,,
2021-01-06,Germany,Saarland,5633,,,
2021-01-07,Germany,Saarland,6511,,,
2021-01-08,Germany,Saarland,7358,,,
2021-01-09,Germany,Saarland,7358,,,
2021-01-10,Germany,Saarland,8232,,,
2021-01-11,Germany,Saarland,9157,,,
2021-01-12,Germany,Saarland,10130,,,
2021-01-13,Germany,Saarland,11199,,,
2021-01-14,Germany,Saarland,12243,,,
2021-01-15,Germany,Saarland,13301,,,
2021-01-16,Germany,Saarland,14421,,,
2021-01-05,Germany,Sachsen,7740,,,
2021-01-06,Germany,Sachsen,10767,,,
2021-01-07,Germany,Sachsen,13006,,,
2021-01-08,Germany,Sachsen,15593,,,
2021-01-09,Germany,Sachsen,15593,,,
2021-01-10,Germany,Sachsen,17991,,,
2021-01-11,Germany,Sachsen,19756,,,
2021-01-12,Germany,Sachsen,23701,,,
2021-01-13,Germany,Sachsen,29421,,,
2021-01-14,Germany,Sachsen,34588,,,
2021-01-15,Germany,Sachsen,39332,,,
2021-01-16,Germany,Sachsen,43451,,,
2021-01-05,Germany,Sachsen-Anhalt,15628,,,
2021-01-06,Germany,Sachsen-Anhalt,17123,,,
2021-01-07,Germany,Sachsen-Anhalt,17624,,,
2021-01-08,Germany,Sachsen-Anhalt,19399,,,
2021-01-09,Germany,Sachsen-Anhalt,19399,,,
2021-01-10,Germany,Sachsen-Anhalt,20799,,,
2021-01-11,Germany,Sachsen-Anhalt,21914,,,
2021-01-12,Germany,Sachsen-Anhalt,24413,,,
2021-01-13,Germany,Sachsen-Anhalt,27320,,,
2021-01-14,Germany,Sachsen-Anhalt,29448,,,
2021-01-15,Germany,Sachsen-Anhalt,31723,,,
2021-01-16,Germany,Sachsen-Anhalt,33182,,,
2021-01-05,Germany,Schleswig-Holstein,12978,,,
2021-01-06,Germany,Schleswig-Holstein,17016,,,
2021-01-07,Germany,Schleswig-Holstein,20078,,,
2021-01-08,Germany,Schleswig-Holstein,23903,,,
2021-01-09,Germany,Schleswig-Holstein,23903,,,
2021-01-10,Germany,Schleswig-Holstein,28241,,,
2021-01-11,Germany,Schleswig-Holstein,31431,,,
2021-01-12,Germany,Schleswig-Holstein,38426,,,
2021-01-13,Germany,Schleswig-Holstein,43162,,,
2021-01-14,Germany,Schleswig-Holstein,47498,,,
2021-01-15,Germany,Schleswig-Holstein,52740,,,
2021-01-16,Germany,Schleswig-Holstein,55670,,,
2021-01-05,Germany,Thüringen,2715,,,
2021-01-06,Germany,Thüringen,3711,,,
2021-01-07,Germany,Thüringen,5343,,,
2021-01-08,Germany,Thüringen,7994,,,
2021-01-09,Germany,Thüringen,7994,,,
2021-01-10,Germany,Thüringen,10512,,,
2021-01-11,Germany,Thüringen,10790,,,
2021-01-12,Germany,Thüringen,12517,,,
2021-01-13,Germany,Thüringen,13060,,,
2021-01-14,Germany,Thüringen,14045,,,
2021-01-15,Germany,Thüringen,19230,,,
2021-01-16,Germany,Thüringen,22009,,,
2020-12-27,Italy,Abruzzo,135,,,
2021-01-02,Italy,Abruzzo,685,,,
2021-01-03,Italy,Abruzzo,1249,,,
2021-01-04,Italy,Abruzzo,2660,,,
2021-01-05,Italy,Abruzzo,4277,,,
2021-01-06,Italy,Abruzzo,5997,,,
2021-01-07,Italy,Abruzzo,7713,,,
2021-01-08,Italy,Abruzzo,9351,,,
2021-01-09,Italy,Abruzzo,10834,,,
2021-01-10,Italy,Abruzzo,11972,,,
2021-01-11,Italy,Abruzzo,13527,,,
2021-01-12,Italy,Abruzzo,15509,,,
2021-01-13,Italy,Abruzzo,17303,,,
2021-01-14,Italy,Abruzzo,18039,,,
2021-01-15,Italy,Abruzzo,18461,,,
2021-01-16,Italy,Abruzzo,19106,,,
2021-01-17,Italy,Abruzzo,19311,,,
2020-12-27,Italy,Basilicata,208,,,
2021-01-02,Italy,Basilicata,1093,,,
2021-01-03,Italy,Basilicata,1816,,,
2021-01-04,Italy,Basilicata,2223,,,
2021-01-05,Italy,Basilicata,2871,,,
2021-01-06,Italy,Basilicata,3091,,,
2021-01-07,Italy,Basilicata,3738,,,
2021-01-08,Italy,Basilicata,4075,,,
2021-01-09,Italy,Basilicata,4537,,,
2021-01-11,Italy,Basilicata,4697,,,
2021-01-12,Italy,Basilicata,4919,,,
2021-01-13,Italy,Basilicata,5744,,,
2021-01-14,Italy,Basilicata,6520,,,
2021-01-15,Italy,Basilicata,7315,,,
2021-01-16,Italy,Basilicata,7692,,,
2020-12-27,Italy,Calabria,274,,,
2020-12-28,Italy,Calabria,279,,,
2021-01-02,Italy,Calabria,448,,,
2021-01-03,Italy,Calabria,453,,,
2021-01-04,Italy,Calabria,1541,,,
2021-01-05,Italy,Calabria,3116,,,
2021-01-06,Italy,Calabria,4190,,,
2021-01-07,Italy,Calabria,7070,,,
2021-01-08,Italy,Calabria,8360,,,
2021-01-09,Italy,Calabria,10141,,,
2021-01-10,Italy,Calabria,11237,,,
2021-01-11,Italy,Calabria,12781,,,
2021-01-12,Italy,Calabria,14073,,,
2021-01-13,Italy,Calabria,15517,,,
2021-01-14,Italy,Calabria,17473,,,
2021-01-15,Italy,Calabria,19028,,,
2021-01-16,Italy,Calabria,20138,,,
2020-12-27,Italy,Campania,720,,,
2020-12-31,Italy,Campania,2207,,,
2021-01-01,Italy,Campania,3124,,,
2021-01-02,Italy,Campania,6790,,,
2021-01-03,Italy,Campania,10621,,,
2021-01-04,Italy,Campania,16447,,,
2021-01-05,Italy,Campania,23621,,,
2021-01-06,Italy,Campania,31306,,,
2021-01-07,Italy,Campania,40188,,,
2021-01-08,Italy,Campania,50642,,,
2021-01-09,Italy,Campania,61208,,,
2021-01-10,Italy,Campania,69395,,,
2021-01-11,Italy,Campania,73359,,,
2021-01-12,Italy,Campania,78673,,,
2021-01-13,Italy,Campania,86621,,,
2021-01-14,Italy,Campania,93720,,,
2021-01-15,Italy,Campania,98700,,,
2021-01-16,Italy,Campania,102074,,,
2021-01-17,Italy,Campania,103228,,,
2020-12-27,Italy,Emilia-Romagna,969,,,
2020-12-31,Italy,Emilia-Romagna,3073,,,
2021-01-02,Italy,Emilia-Romagna,5341,,,
2021-01-03,Italy,Emilia-Romagna,8069,,,
2021-01-04,Italy,Emilia-Romagna,15270,,,
2021-01-05,Italy,Emilia-Romagna,24332,,,
2021-01-06,Italy,Emilia-Romagna,32383,,,
2021-01-07,Italy,Emilia-Romagna,42181,,,
2021-01-08,Italy,Emilia-Romagna,52335,,,
2021-01-09,Italy,Emilia-Romagna,61581,,,
2021-01-10,Italy,Emilia-Romagna,68392,,,
2021-01-11,Italy,Emilia-Romagna,77216,,,
2021-01-12,Italy,Emilia-Romagna,86270,,,
2021-01-13,Italy,Emilia-Romagna,94971,,,
2021-01-14,Italy,Emilia-Romagna,102553,,,
2021-01-15,Italy,Emilia-Romagna,109280,,,
2021-01-16,Italy,Emilia-Romagna,114199,,,
2021-01-17,Italy,Emilia-Romagna,115286,,,
2020-12-27,Italy,Friuli Venezia Giulia,263,,,
2020-12-30,Italy,Friuli Venezia Giulia,894,,,
2020-12-31,Italy,Friuli Venezia Giulia,1947,,,
2021-01-02,Italy,Friuli Venezia Giulia,3164,,,
2021-01-03,Italy,Friuli Venezia Giulia,3476,,,
2021-01-04,Italy,Friuli Venezia Giulia,4985,,,
2021-01-05,Italy,Friuli Venezia Giulia,6667,,,
2021-01-06,Italy,Friuli Venezia Giulia,7376,,,
2021-01-07,Italy,Friuli Venezia Giulia,9470,,,
2021-01-08,Italy,Friuli Venezia Giulia,11789,,,
2021-01-09,Italy,Friuli Venezia Giulia,14302,,,
2021-01-10,Italy,Friuli Venezia Giulia,17238,,,
2021-01-11,Italy,Friuli Venezia Giulia,19111,,,
2021-01-12,Italy,Friuli Venezia Giulia,21359,,,
2021-01-13,Italy,Friuli Venezia Giulia,23564,,,
2021-01-14,Italy,Friuli Venezia Giulia,26047,,,
2021-01-15,Italy,Friuli Venezia Giulia,28069,,,
2021-01-16,Italy,Friuli Venezia Giulia,29296,,,
2020-12-27,Italy,Lazio,139,,,
2020-12-28,Italy,Lazio,654,,,
2020-12-29,Italy,Lazio,1071,,,
2020-12-30,Italy,Lazio,2666,,,
2020-12-31,Italy,Lazio,7868,,,
2021-01-01,Italy,Lazio,11417,,,
2021-01-02,Italy,Lazio,18183,,,
2021-01-03,Italy,Lazio,23458,,,
2021-01-04,Italy,Lazio,30914,,,
2021-01-05,Italy,Lazio,38261,,,
2021-01-06,Italy,Lazio,43352,,,
2021-01-07,Italy,Lazio,51053,,,
2021-01-08,Italy,Lazio,58742,,,
2021-01-09,Italy,Lazio,65023,,,
2021-01-10,Italy,Lazio,69054,,,
2021-01-11,Italy,Lazio,74572,,,
2021-01-12,Italy,Lazio,79925,,,
2021-01-13,Italy,Lazio,85396,,,
2021-01-14,Italy,Lazio,90567,,,
2021-01-15,Italy,Lazio,96563,,,
2021-01-16,Italy,Lazio,101825,,,
2021-01-17,Italy,Lazio,103823,,,
2020-12-27,Italy,Liguria,135,,,
2020-12-28,Italy,Liguria,215,,,
2020-12-29,Italy,Liguria,340,,,
2020-12-30,Italy,Liguria,352,,,
2020-12-31,Italy,Liguria,1287,,,
2021-01-01,Italy,Liguria,1431,,,
2021-01-02,Italy,Liguria,2123,,,
2021-01-03,Italy,Liguria,2816,,,
2021-01-04,Italy,Liguria,5449,,,
2021-01-05,Italy,Liguria,8327,,,
2021-01-06,Italy,Liguria,9982,,,
2021-01-07,Italy,Liguria,13166,,,
2021-01-08,Italy,Liguria,15903,,,
2021-01-09,Italy,Liguria,17235,,,
2021-01-10,Italy,Liguria,18090,,,
2021-01-11,Italy,Liguria,20630,,,
2021-01-12,Italy,Liguria,22837,,,
2021-01-13,Italy,Liguria,25281,,,
2021-01-14,Italy,Liguria,28130,,,
2021-01-15,Italy,Liguria,30159,,,
2021-01-16,Italy,Liguria,31299,,,
2021-01-17,Italy,Liguria,31854,,,
2020-12-27,Italy,Lombardia,766,,,
2020-12-28,Italy,Lombardia,1157,,,
2020-12-29,Italy,Lombardia,1573,,,
2020-12-30,Italy,Lombardia,1701,,,
2020-12-31,Italy,Lombardia,2414,,,
2021-01-01,Italy,Lombardia,2438,,,
2021-01-02,Italy,Lombardia,2638,,,
2021-01-03,Italy,Lombardia,3473,,,
2021-01-04,Italy,Lombardia,10580,,,
2021-01-05,Italy,Lombardia,18485,,,
2021-01-06,Italy,Lombardia,25909,,,
2021-01-07,Italy,Lombardia,36903,,,
2021-01-08,Italy,Lombardia,48565,,,
2021-01-09,Italy,Lombardia,60824,,,
2021-01-10,Italy,Lombardia,71461,,,
2021-01-11,Italy,Lombardia,86621,,,
2021-01-12,Italy,Lombardia,104462,,,
2021-01-13,Italy,Lombardia,125910,,,
2021-01-14,Italy,Lombardia,147341,,,
2021-01-15,Italy,Lombardia,166236,,,
2021-01-16,Italy,Lombardia,177825,,,
2021-01-17,Italy,Lombardia,184349,,,
2020-12-27,Italy,Marche,200,,,
2020-12-30,Italy,Marche,217,,,
2020-12-31,Italy,Marche,601,,,
2021-01-02,Italy,Marche,1116,,,
2021-01-03,Italy,Marche,2013,,,
2021-01-04,Italy,Marche,3398,,,
2021-01-05,Italy,Marche,4900,,,
2021-01-06,Italy,Marche,7038,,,
2021-01-07,Italy,Marche,9087,,,
2021-01-08,Italy,Marche,10659,,,
2021-01-09,Italy,Marche,12370,,,
2021-01-10,Italy,Marche,14130,,,
2021-01-11,Italy,Marche,15244,,,
2021-01-12,Italy,Marche,16375,,,
2021-01-13,Italy,Marche,18392,,,
2021-01-14,Italy,Marche,19911,,,
2021-01-15,Italy,Marche,21356,,,
2021-01-16,Italy,Marche,23003,,,
2021-01-17,Italy,Marche,24375,,,
2020-12-27,Italy,Molise,50,,,
2021-01-04,Italy,Molise,358,,,
2021-01-05,Italy,Molise,806,,,
2021-01-06,Italy,Molise,1486,,,
2021-01-07,Italy,Molise,2080,,,
2021-01-08,Italy,Molise,2509,,,
2021-01-09,Italy,Molise,2958,,,
2021-01-10,Italy,Molise,3227,,,
2021-01-11,Italy,Molise,3784,,,
2021-01-12,Italy,Molise,4120,,,
2021-01-13,Italy,Molise,4592,,,
2021-01-14,Italy,Molise,5239,,,
2021-01-15,Italy,Molise,5779,,,
2021-01-16,Italy,Molise,6217,,,
2020-12-27,Italy,Piemonte,909,,,
2020-12-30,Italy,Piemonte,1633,,,
2020-12-31,Italy,Piemonte,5461,,,
2021-01-01,Italy,Piemonte,6495,,,
2021-01-02,Italy,Piemonte,10024,,,
2021-01-03,Italy,Piemonte,13078,,,
2021-01-04,Italy,Piemonte,18608,,,
2021-01-05,Italy,Piemonte,23964,,,
2021-01-06,Italy,Piemonte,27065,,,
2021-01-07,Italy,Piemonte,32396,,,
2021-01-08,Italy,Piemonte,37905,,,
2021-01-09,Italy,Piemonte,44048,,,
2021-01-10,Italy,Piemonte,49227,,,
2021-01-11,Italy,Piemonte,57913,,,
2021-01-12,Italy,Piemonte,67933,,,
2021-01-13,Italy,Piemonte,77906,,,
2021-01-14,Italy,Piemonte,87535,,,
2021-01-15,Italy,Piemonte,96597,,,
2021-01-16,Italy,Piemonte,104188,,,
2021-01-17,Italy,Piemonte,106918,,,
2020-12-27,Italy,Provincia Autonoma di Bolzano,144,,,
2020-12-28,Italy,Provincia Autonoma di Bolzano,144,,,
2020-12-30,Italy,Provincia Autonoma di Bolzano,527,,,
2020-12-31,Italy,Provincia Autonoma di Bolzano,971,,,
2021-01-02,Italy,Provincia Autonoma di Bolzano,1037,,,
2021-01-04,Italy,Provincia Autonoma di Bolzano,1490,,,
2021-01-05,Italy,Provincia Autonoma di Bolzano,2307,,,
2021-01-06,Italy,Provincia Autonoma di Bolzano,2367,,,
2021-01-07,Italy,Provincia Autonoma di Bolzano,3181,,,
2021-01-08,Italy,Provincia Autonoma di Bolzano,4607,,,
2021-01-09,Italy,Provincia Autonoma di Bolzano,4917,,,
2021-01-11,Italy,Provincia Autonoma di Bolzano,6313,,,
2021-01-12,Italy,Provincia Autonoma di Bolzano,7968,,,
2021-01-13,Italy,Provincia Autonoma di Bolzano,9486,,,
2021-01-14,Italy,Provincia Autonoma di Bolzano,11420,,,
2021-01-15,Italy,Provincia Autonoma di Bolzano,14648,,,
2021-01-16,Italy,Provincia Autonoma di Bolzano,17040,,,
2021-01-17,Italy,Provincia Autonoma di Bolzano,18017,,,
2020-12-27,Italy,Provincia Autonoma di Trento,100,,,
2020-12-31,Italy,Provincia Autonoma di Trento,1594,,,
2021-01-01,Italy,Provincia Autonoma di Trento,1803,,,
2021-01-02,Italy,Provincia Autonoma di Trento,2304,,,
2021-01-03,Italy,Provincia Autonoma di Trento,2797,,,
2021-01-04,Italy,Provincia Autonoma di Trento,3621,,,
2021-01-05,Italy,Provincia Autonoma di Trento,4315,,,
2021-01-06,Italy,Provincia Autonoma di Trento,4357,,,
2021-01-07,Italy,Provincia Autonoma di Trento,5628,,,
2021-01-08,Italy,Provincia Autonoma di Trento,7117,,,
2021-01-09,Italy,Provincia Autonoma di Trento,7303,,,
2021-01-10,Italy,Provincia Autonoma di Trento,7381,,,
2021-01-11,Italy,Provincia Autonoma di Trento,8113,,,
2021-01-12,Italy,Provincia Autonoma di Trento,8622,,,
2021-01-13,Italy,Provincia Autonoma di Trento,9036,,,
2021-01-14,Italy,Provincia Autonoma di Trento,9631,,,
2021-01-15,Italy,Provincia Autonoma di Trento,10186,,,
2021-01-16,Italy,Provincia Autonoma di Trento,10503,,,
2020-12-27,Italy,Puglia,555,,,
2020-12-31,Italy,Puglia,1829,,,
2021-01-01,Italy,Puglia,2008,,,
2021-01-02,Italy,Puglia,4911,,,
2021-01-03,Italy,Puglia,6832,,,
2021-01-04,Italy,Puglia,10923,,,
2021-01-05,Italy,Puglia,16303,,,
2021-01-06,Italy,Puglia,19851,,,
2021-01-07,Italy,Puglia,25061,,,
2021-01-08,Italy,Puglia,29994,,,
2021-01-09,Italy,Puglia,35055,,,
2021-01-10,Italy,Puglia,37198,,,
2021-01-11,Italy,Puglia,40275,,,
2021-01-12,Italy,Puglia,43943,,,
2021-01-13,Italy,Puglia,48558,,,
2021-01-14,Italy,Puglia,51573,,,
2021-01-15,Italy,Puglia,54992,,,
2021-01-16,Italy,Puglia,57502,,,
2021-01-17,Italy,Puglia,57724,,,
2020-12-27,Italy,Sardegna,65,,,
2020-12-28,Italy,Sardegna,130,,,
2020-12-29,Italy,Sardegna,180,,,
2020-12-31,Italy,Sardegna,212,,,
2021-01-01,Italy,Sardegna,242,,,
2021-01-02,Italy,Sardegna,302,,,
2021-01-03,Italy,Sardegna,392,,,
2021-01-04,Italy,Sardegna,965,,,
2021-01-05,Italy,Sardegna,2212,,,
2021-01-06,Italy,Sardegna,3799,,,
2021-01-07,Italy,Sardegna,6865,,,
2021-01-08,Italy,Sardegna,10107,,,
2021-01-09,Italy,Sardegna,14108,,,
2021-01-10,Italy,Sardegna,16281,,,
2021-01-11,Italy,Sardegna,17460,,,
2021-01-12,Italy,Sardegna,18325,,,
2021-01-13,Italy,Sardegna,18897,,,
2021-01-14,Italy,Sardegna,19994,,,
2021-01-15,Italy,Sardegna,21379,,,
2021-01-16,Italy,Sardegna,22869,,,
2021-01-17,Italy,Sardegna,22965,,,
2020-12-27,Italy,Sicilia,90,,,
2020-12-28,Italy,Sicilia,304,,,
2020-12-29,Italy,Sicilia,539,,,
2020-12-30,Italy,Sicilia,778,,,
2020-12-31,Italy,Sicilia,1673,,,
2021-01-01,Italy,Sicilia,2484,,,
2021-01-02,Italy,Sicilia,7456,,,
2021-01-03,Italy,Sicilia,12153,,,
2021-01-04,Italy,Sicilia,20531,,,
2021-01-05,Italy,Sicilia,31128,,,
2021-01-06,Italy,Sicilia,37614,,,
2021-01-07,Italy,Sicilia,46824,,,
2021-01-08,Italy,Sicilia,55423,,,
2021-01-09,Italy,Sicilia,62690,,,
2021-01-10,Italy,Sicilia,66311,,,
2021-01-11,Italy,Sicilia,72151,,,
2021-01-12,Italy,Sicilia,76586,,,
2021-01-13,Italy,Sicilia,81561,,,
2021-01-14,Italy,Sicilia,86599,,,
2021-01-15,Italy,Sicilia,90999,,,
2021-01-16,Italy,Sicilia,93615,,,
2021-01-17,Italy,Sicilia,94561,,,
2020-12-27,Italy,Toscana,620,,,
2020-12-30,Italy,Toscana,922,,,
2020-12-31,Italy,Toscana,1683,,,
2021-01-01,Italy,Toscana,4048,,,
2021-01-02,Italy,Toscana,7541,,,
2021-01-03,Italy,Toscana,10907,,,
2021-01-04,Italy,Toscana,15956,,,
2021-01-05,Italy,Toscana,21194,,,
2021-01-06,Italy,Toscana,25675,,,
2021-01-07,Italy,Toscana,31674,,,
2021-01-08,Italy,Toscana,37606,,,
2021-01-09,Italy,Toscana,42086,,,
2021-01-10,Italy,Toscana,45049,,,
2021-01-11,Italy,Toscana,50133,,,
2021-01-12,Italy,Toscana,53713,,,
2021-01-13,Italy,Toscana,57733,,,
2021-01-14,Italy,Toscana,60985,,,
2021-01-15,Italy,Toscana,64859,,,
2021-01-16,Italy,Toscana,68076,,,
2021-01-17,Italy,Toscana,70419,,,
2020-12-27,Italy,Umbria,144,,,
2020-12-31,Italy,Umbria,395,,,
2021-01-01,Italy,Umbria,676,,,
2021-01-02,Italy,Umbria,980,,,
2021-01-03,Italy,Umbria,1250,,,
2021-01-04,Italy,Umbria,2057,,,
2021-01-05,Italy,Umbria,2913,,,
2021-01-06,Italy,Umbria,3759,,,
2021-01-07,Italy,Umbria,5165,,,
2021-01-08,Italy,Umbria,6345,,,
2021-01-09,Italy,Umbria,8018,,,
2021-01-10,Italy,Umbria,9001,,,
2021-01-11,Italy,Umbria,10207,,,
2021-01-12,Italy,Umbria,11041,,,
2021-01-13,Italy,Umbria,11491,,,
2021-01-14,Italy,Umbria,12240,,,
2021-01-15,Italy,Umbria,12936,,,
2021-01-16,Italy,Umbria,13156,,,
2021-01-17,Italy,Umbria,13210,,,
2020-12-27,Italy,Valle d'Aosta,20,,,
2020-12-31,Italy,Valle d'Aosta,38,,,
2021-01-02,Italy,Valle d'Aosta,44,,,
2021-01-04,Italy,Valle d'Aosta,186,,,
2021-01-05,Italy,Valle d'Aosta,336,,,
2021-01-06,Italy,Valle d'Aosta,402,,,
2021-01-07,Italy,Valle d'Aosta,681,,,
2021-01-08,Italy,Valle d'Aosta,980,,,
2021-01-09,Italy,Valle d'Aosta,1423,,,
2021-01-10,Italy,Valle d'Aosta,1643,,,
2021-01-11,Italy,Valle d'Aosta,1969,,,
2021-01-12,Italy,Valle d'Aosta,2270,,,
2021-01-13,Italy,Valle d'Aosta,2630,,,
2021-01-14,Italy,Valle d'Aosta,2879,,,
2021-01-15,Italy,Valle d'Aosta,3097,,,
2021-01-16,Italy,Valle d'Aosta,3333,,,
2021-01-17,Italy,Valle d'Aosta,3464,,,
2020-12-27,Italy,Veneto,880,,,
2020-12-30,Italy,Veneto,1578,,,
2020-12-31,Italy,Veneto,4783,,,
2021-01-01,Italy,Veneto,6303,,,
2021-01-02,Italy,Veneto,12026,,,
2021-01-03,Italy,Veneto,17108,,,
2021-01-04,Italy,Veneto,23708,,,
2021-01-05,Italy,Veneto,31009,,,
2021-01-06,Italy,Veneto,39073,,,
2021-01-07,Italy,Veneto,47390,,,
2021-01-08,Italy,Veneto,56729,,,
2021-01-09,Italy,Veneto,64597,,,
2021-01-10,Italy,Veneto,69603,,,
2021-01-11,Italy,Veneto,76318,,,
2021-01-12,Italy,Veneto,81505,,,
2021-01-13,Italy,Veneto,86806,,,
2021-01-14,Italy,Veneto,93334,,,
2021-01-15,Italy,Veneto,98328,,,
2021-01-16,Italy,Veneto,102694,,,
2021-01-17,Italy,Veneto,104023,,,
2021-01-04,Spain,Andalucía,25809,,,
2021-01-05,Spain,Andalucía,40263,,,
2021-01-07,Spain,Andalucía,53934,,,
2021-01-08,Spain,Andalucía,69445,,,
2021-01-11,Spain,Andalucía,81387,,,
2021-01-12,Spain,Andalucía,94879,,,
2021-01-13,Spain,Andalucía,109831,,,
2021-01-14,Spain,Andalucía,123459,,,
2021-01-15,Spain,Andalucía,139718,,,
2021-01-04,Spain,Aragón,2004,,,
2021-01-05,Spain,Aragón,2985,,,
2021-01-07,Spain,Aragón,6186,,,
2021-01-08,Spain,Aragón,9944,,,
2021-01-11,Spain,Aragón,10998,,,
2021-01-12,Spain,Aragón,11983,,,
2021-01-13,Spain,Aragón,17043,,,
2021-01-14,Spain,Aragón,20854,,,
2021-01-15,Spain,Aragón,23619,,,
2021-01-04,Spain,Asturias,9380,,,
2021-01-05,Spain,Asturias,12929,,,
2021-01-07,Spain,Asturias,14406,,,
2021-01-08,Spain,Asturias,17843,,,
2021-01-11,Spain,Asturias,18943,,,
2021-01-12,Spain,Asturias,22428,,,
2021-01-13,Spain,Asturias,25278,,,
2021-01-14,Spain,Asturias,29074,,,
2021-01-15,Spain,Asturias,31247,,,
2021-01-04,Spain,Baleares,153,,,
2021-01-05,Spain,Baleares,2656,,,
2021-01-07,Spain,Baleares,3190,,,
2021-01-08,Spain,Baleares,4257,,,
2021-01-11,Spain,Baleares,4652,,,
2021-01-12,Spain,Baleares,4835,,,
2021-01-13,Spain,Baleares,4931,,,
2021-01-14,Spain,Baleares,7552,,,
2021-01-15,Spain,Baleares,9366,,,
2021-01-04,Spain,C. Valenciana,3252,,,
2021-01-05,Spain,C. Valenciana,8586,,,
2021-01-07,Spain,C. Valenciana,11677,,,
2021-01-08,Spain,C. Valenciana,15965,,,
2021-01-11,Spain,C. Valenciana,45674,,,
2021-01-12,Spain,C. Valenciana,57223,,,
2021-01-13,Spain,C. Valenciana,70870,,,
2021-01-14,Spain,C. Valenciana,80429,,,
2021-01-15,Spain,C. Valenciana,86927,,,
2021-01-04,Spain,Canarias,4846,,,
2021-01-05,Spain,Canarias,5857,,,
2021-01-07,Spain,Canarias,7330,,,
2021-01-08,Spain,Canarias,9572,,,
2021-01-11,Spain,Canarias,13607,,,
2021-01-12,Spain,Canarias,15328,,,
2021-01-13,Spain,Canarias,22290,,,
2021-01-14,Spain,Canarias,25159,,,
2021-01-15,Spain,Canarias,30732,,,
2021-01-04,Spain,Cantabria,304,,,
2021-01-05,Spain,Cantabria,601,,,
2021-01-07,Spain,Cantabria,1564,,,
2021-01-08,Spain,Cantabria,2334,,,
2021-01-11,Spain,Cantabria,8474,,,
2021-01-12,Spain,Cantabria,9527,,,
2021-01-13,Spain,Cantabria,11302,,,
2021-01-14,Spain,Cantabria,12779,,,
2021-01-15,Spain,Cantabria,14639,,,
2021-01-04,Spain,Castilla La Mancha,1983,,,
2021-01-05,Spain,Castilla La Mancha,4092,,,
2021-01-07,Spain,Castilla La Mancha,7666,,,
2021-01-08,Spain,Castilla La Mancha,12380,,,
2021-01-11,Spain,Castilla La Mancha,19209,,,
2021-01-12,Spain,Castilla La Mancha,23342,,,
2021-01-13,Spain,Castilla La Mancha,26879,,,
2021-01-14,Spain,Castilla La Mancha,30613,,,
2021-01-15,Spain,Castilla La Mancha,33809,,,
2021-01-04,Spain,Castilla y Leon,10928,,,
2021-01-05,Spain,Castilla y Leon,16430,,,
2021-01-07,Spain,Castilla y Leon,22103,,,
2021-01-08,Spain,Castilla y Leon,28325,,,
2021-01-11,Spain,Castilla y Leon,36205,,,
2021-01-12,Spain,Castilla y Leon,41340,,,
2021-01-13,Spain,Castilla y Leon,48243,,,
2021-01-14,Spain,Castilla y Leon,57969,,,
2021-01-15,Spain,Castilla y Leon,59411,,,
2021-01-04,Spain,Cataluña,8150,,,
2021-01-05,Spain,Cataluña,11191,,,
2021-01-07,Spain,Cataluña,24515,,,
2021-01-08,Spain,Cataluña,38826,,,
2021-01-11,Spain,Cataluña,68405,,,
2021-01-12,Spain,Cataluña,82785,,,
2021-01-13,Spain,Cataluña,92133,,,
2021-01-14,Spain,Cataluña,105587,,,
2021-01-15,Spain,Cataluña,122577,,,
2021-01-04,Spain,Ceuta,380,,,
2021-01-05,Spain,Ceuta,517,,,
2021-01-07,Spain,Ceuta,576,,,
2021-01-08,Spain,Ceuta,637,,,
2021-01-11,Spain,Ceuta,698,,,
2021-01-12,Spain,Ceuta,758,,,
2021-01-13,Spain,Ceuta,820,,,
2021-01-14,Spain,Ceuta,911,,,
2021-01-15,Spain,Ceuta,941,,,
2021-01-04,Spain,Extremadura,686,,,
2021-01-05,Spain,Extremadura,1806,,,
2021-01-07,Spain,Extremadura,3309,,,
2021-01-08,Spain,Extremadura,4727,,,
2021-01-11,Spain,Extremadura,9303,,,
2021-01-12,Spain,Extremadura,11346,,,
2021-01-13,Spain,Extremadura,14293,,,
2021-01-14,Spain,Extremadura,17862,,,
2021-01-15,Spain,Extremadura,22322,,,
2021-01-04,Spain,Galicia,9124,,,
2021-01-05,Spain,Galicia,12012,,,
2021-01-07,Spain,Galicia,20265,,,
2021-01-08,Spain,Galicia,24750,,,
2021-01-11,Spain,Galicia,30418,,,
2021-01-12,Spain,Galicia,33346,,,
2021-01-13,Spain,Galicia,37745,,,
2021-01-14,Spain,Galicia,44014,,,
2021-01-15,Spain,Galicia,49768,,,
2021-01-04,Spain,La Rioja,324,,,
2021-01-05,Spain,La Rioja,585,,,
2021-01-07,Spain,La Rioja,858,,,
2021-01-08,Spain,La Rioja,1674,,,
2021-01-11,Spain,La Rioja,3457,,,
2021-01-12,Spain,La Rioja,3826,,,
2021-01-13,Spain,La Rioja,4651,,,
2021-01-14,Spain,La Rioja,5385,,,
2021-01-15,Spain,La Rioja,5953,,,
2021-01-04,Spain,Madrid,2883,,,
2021-01-05,Spain,Madrid,5335,,,
2021-01-07,Spain,Madrid,11337,,,
2021-01-08,Spain,Madrid,14152,,,
2021-01-11,Spain,Madrid,24897,,,
2021-01-12,Spain,Madrid,35949,,,
2021-01-13,Spain,Madrid,49228,,,
2021-01-14,Spain,Madrid,63385,,,
2021-01-15,Spain,Madrid,77921,,,
2021-01-04,Spain,Melilla,207,,,
2021-01-05,Spain,Melilla,341,,,
2021-01-07,Spain,Melilla,426,,,
2021-01-08,Spain,Melilla,673,,,
2021-01-11,Spain,Melilla,832,,,
2021-01-12,Spain,Melilla,1005,,,
2021-01-13,Spain,Melilla,1005,,,
2021-01-14,Spain,Melilla,1098,,,
2021-01-15,Spain,Melilla,1230,,,
2021-01-04,Spain,Murcia,442,,,
2021-01-05,Spain,Murcia,4949,,,
2021-01-07,Spain,Murcia,7287,,,
2021-01-08,Spain,Murcia,8958,,,
2021-01-11,Spain,Murcia,10361,,,
2021-01-12,Spain,Murcia,16191,,,
2021-01-13,Spain,Murcia,19905,,,
2021-01-14,Spain,Murcia,21739,,,
2021-01-15,Spain,Murcia,27001,,,
2021-01-04,Spain,Navarra,1583,,,
2021-01-05,Spain,Navarra,2651,,,
2021-01-07,Spain,Navarra,2960,,,
2021-01-08,Spain,Navarra,3703,,,
2021-01-11,Spain,Navarra,5468,,,
2021-01-12,Spain,Navarra,6557,,,
2021-01-13,Spain,Navarra,7420,,,
2021-01-14,Spain,Navarra,8314,,,
2021-01-15,Spain,Navarra,9305,,,
2021-01-04,Spain,País Vasco,396,,,
2021-01-05,Spain,País Vasco,5553,,,
2021-01-07,Spain,País Vasco,7734,,,
2021-01-08,Spain,País Vasco,9811,,,
2021-01-11,Spain,País Vasco,13103,,,
2021-01-12,Spain,País Vasco,15393,,,
2021-01-13,Spain,País Vasco,17771,,,
2021-01-14,Spain,País Vasco,20003,,,
2021-01-15,Spain,País Vasco,22464,,,
2021-01-04,Spain,Totales,82834,,,
2021-01-05,Spain,Totales,139339,,,
2021-01-07,Spain,Totales,207323,,,
2021-01-08,Spain,Totales,277976,,,
2021-01-11,Spain,Totales,406091,,,
2021-01-12,Spain,Totales,488041,,,
2021-01-13,Spain,Totales,581638,,,
2021-01-14,Spain,Totales,676186,,,
2021-01-15,Spain,Totales,768950,,,
2021-01-10,United Kingdom,England,2333764,1959151.0,374613.0,
2021-01-11,United Kingdom,England,2474205,2080280.0,393925.0,
2021-01-12,United Kingdom,England,2661850,2254556.0,407294.0,
2021-01-13,United Kingdom,England,2910027,2494371.0,415656.0,
2021-01-14,United Kingdom,England,3189674,2769164.0,420510.0,
2021-01-15,United Kingdom,England,3514385,3090058.0,424327.0,
2021-01-16,United Kingdom,England,3791594,3365492.0,426102.0,
2021-01-10,United Kingdom,Northern Ireland,91954,78005.0,13949.0,
2021-01-11,United Kingdom,Northern Ireland,99475,84187.0,15288.0,
2021-01-12,United Kingdom,Northern Ireland,109257,91417.0,17840.0,
2021-01-13,United Kingdom,Northern Ireland,121711,102701.0,19010.0,
2021-01-14,United Kingdom,Northern Ireland,133831,114567.0,19264.0,
2021-01-15,United Kingdom,Northern Ireland,137380,117906.0,19474.0,
2021-01-16,United Kingdom,Northern Ireland,160733,140559.0,20174.0,
2021-01-10,United Kingdom,Scotland,166135,163377.0,2758.0,
2021-01-11,United Kingdom,Scotland,178799,175942.0,2857.0,
2021-01-12,United Kingdom,Scotland,194955,191965.0,2990.0,
2021-01-13,United Kingdom,Scotland,211397,208207.0,3190.0,
2021-01-14,United Kingdom,Scotland,228171,224840.0,3331.0,
2021-01-15,United Kingdom,Scotland,228171,224840.0,3331.0,
2021-01-16,United Kingdom,Scotland,228171,224840.0,3331.0,
2021-01-10,United Kingdom,Wales,86118,86039.0,79.0,
2021-01-11,United Kingdom,Wales,91336,91239.0,97.0,
2021-01-12,United Kingdom,Wales,101479,101371.0,108.0,
2021-01-13,United Kingdom,Wales,113094,112973.0,121.0,
2021-01-14,United Kingdom,Wales,126504,126375.0,129.0,
2021-01-15,United Kingdom,Wales,126504,126375.0,129.0,
2021-01-16,United Kingdom,Wales,126504,126375.0,129.0,
2021-01-15,United States,Alabama,100444,86956.0,13488.0,
2021-01-15,United States,Alaska,48952,39546.0,9406.0,
2021-01-15,United States,American Samoa,3882,3144.0,738.0,
2021-01-15,United States,Arizona,197050,176213.0,20837.0,
2021-01-15,United States,Arkansas,116610,97829.0,18781.0,
2021-01-15,United States,Bureau of Prisons,16651,14565.0,2086.0,
2021-01-15,United States,California,1069761,865387.0,204374.0,
2021-01-15,United States,Colorado,270782,223761.0,47021.0,
2021-01-15,United States,Connecticut,183884,166722.0,17162.0,
2021-01-15,United States,Delaware,31003,25649.0,5354.0,
2021-01-15,United States,Dept of Defense,196950,179004.0,17946.0,
2021-01-15,United States,District of Columbia,39917,31667.0,8250.0,
2021-01-15,United States,Federated States of Micronesia,694,692.0,2.0,
2021-01-15,United States,Florida,851206,776430.0,74776.0,
2021-01-15,United States,Georgia,226625,204301.0,22324.0,
2021-01-15,United States,Guam,3785,3785.0,0.0,
2021-01-15,United States,Hawaii,46958,39690.0,7268.0,
2021-01-15,United States,Idaho,46489,37646.0,8843.0,
2021-01-15,United States,Illinois,432766,341518.0,91248.0,
2021-01-15,United States,Indian Health Svc,90039,77309.0,12730.0,
2021-01-15,United States,Indiana,260282,222599.0,37683.0,
2021-01-15,United States,Iowa,118798,108056.0,10742.0,
2021-01-15,United States,Kansas,96789,83293.0,13496.0,
2021-01-15,United States,Kentucky,173405,162733.0,10672.0,
2021-01-15,United States,Louisiana,197609,167193.0,30416.0,
2021-01-15,United States,Maine,59905,51631.0,8274.0,
2021-01-15,United States,Marshall Islands,634,632.0,2.0,
2021-01-15,United States,Maryland,194661,178831.0,15830.0,
2021-01-15,United States,Massachusetts,256994,222109.0,34885.0,
2021-01-15,United States,Michigan,360951,312415.0,48536.0,
2021-01-15,United States,Minnesota,198072,170273.0,27799.0,
2021-01-15,United States,Mississippi,84281,75885.0,8396.0,
2021-01-15,United States,Missouri,190189,153664.0,36525.0,
2021-01-15,United States,Montana,49353,41160.0,8193.0,
2021-01-15,United States,Nebraska,90784,77734.0,13050.0,
2021-01-15,United States,Nevada,82987,67679.0,15308.0,
2021-01-15,United States,New Hampshire,62497,56797.0,5700.0,
2021-01-15,United States,New Jersey,315697,278956.0,36741.0,
2021-01-15,United States,New Mexico,98883,80172.0,18711.0,
2021-01-15,United States,New York State,744834,671311.0,73523.0,
2021-01-15,United States,North Carolina,302649,259859.0,42790.0,
2021-01-15,United States,North Dakota,46061,38506.0,7555.0,
2021-01-15,United States,Northern Mariana Islands,4906,3760.0,1146.0,
2021-01-15,United States,Ohio,375370,361818.0,13552.0,
2021-01-15,United States,Oklahoma,202079,173162.0,28917.0,
2021-01-15,United States,Oregon,145886,133091.0,12795.0,
2021-01-15,United States,Pennsylvania,447668,380727.0,66941.0,
2021-01-15,United States,Puerto Rico,103872,87512.0,16360.0,
2021-01-15,United States,Republic of Palau,1119,1118.0,1.0,
2021-01-15,United States,Rhode Island,47537,39381.0,8156.0,
2021-01-15,United States,South Carolina,121199,101722.0,19477.0,
2021-01-15,United States,South Dakota,57055,47389.0,9666.0,
2021-01-15,United States,Tennessee,302712,264912.0,37800.0,
2021-01-15,United States,Texas,1159072,1003412.0,155660.0,
2021-01-15,United States,Utah,125038,114504.0,10534.0,
2021-01-15,United States,Vermont,32455,28355.0,4100.0,
2021-01-15,United States,Veterans Health,317444,280461.0,36983.0,
2021-01-15,United States,Virgin Islands,1631,1474.0,157.0,
2021-01-15,United States,Virginia,242896,214732.0,28164.0,
2021-01-15,United States,Washington,232263,200682.0,31581.0,
2021-01-15,United States,West Virginia,134196,113034.0,21162.0,
2021-01-15,United States,Wisconsin,168495,151387.0,17108.0,
2021-01-15,United States,Wyoming,22734,19931.0,2803.0,
